ID,Description,NES,pvalue,p.adjust,GeneRatio,BgRatio,geneID,geneName,Count,BG,Study,Freq,total_study,Celltype,Regulators,logp,pathway,pathway_new
REACTOME_983170,"Antigen Presentation: Folding, Assembly And Peptide Loading Of Class I Mhc",-4.202751264,1.31E-07,1.16E-05,May-86,25/17332,3105/567/6892/6891/6890,HLA-A/B2M/TAPBP/TAP2/TAP1,5,25,Tcells_2017_Nature_Patel_Mel624pos100,14,19,Tcells,pos,4.935791237,"Antigen Presentation: Folding, Assembly And Peptide Loading Of Class I Mhc",Antigen Presentation via MHC-I
REACTOME_983170,"Antigen Presentation: Folding, Assembly And Peptide Loading Of Class I Mhc",7.070238375,3.06E-06,0.000260158,Apr-71,25/17332,567/3105/6890/6891,B2M/HLA-A/TAP1/TAP2,4,25,Tcells_2018_Science_Pan_B16_OT_Ipos100,14,19,Tcells,pos,3.584763387,"Antigen Presentation: Folding, Assembly And Peptide Loading Of Class I Mhc",Antigen Presentation via MHC-I
REACTOME_983170,"Antigen Presentation: Folding, Assembly And Peptide Loading Of Class I Mhc",5.36,0.028471861,0.075776671,20-Jan,25/17332,567,B2M,1,25,Tcells_2018_Science_Pan_B16_Pmel_1pos100,14,19,Tcells,pos,1.120464479,"Antigen Presentation: Folding, Assembly And Peptide Loading Of Class I Mhc",Antigen Presentation via MHC-I
REACTOME_983170,"Antigen Presentation: Folding, Assembly And Peptide Loading Of Class I Mhc",-2.273228097,7.57E-06,0.002355829,Apr-89,25/17332,567/6890/6892/6891,B2M/TAP1/TAPBP/TAP2,4,25,Tcells_2018_ScienceImmunology_Kearney_MC38_IgG_OTIpos100,14,19,Tcells,pos,2.627856326,"Antigen Presentation: Folding, Assembly And Peptide Loading Of Class I Mhc",Antigen Presentation via MHC-I
REACTOME_983170,"Antigen Presentation: Folding, Assembly And Peptide Loading Of Class I Mhc",2.844259023,2.00E-11,3.84E-08,Jul-83,25/17332,567/6890/2923/811/6892/3105/6891,B2M/TAP1/PDIA3/CALR/TAPBP/HLA-A/TAP2,7,25,Tcells_2019_Cell_Vredevoogd_IFNGR1deficient_D10_Apos100,14,19,Tcells,pos,7.416073331,"Antigen Presentation: Folding, Assembly And Peptide Loading Of Class I Mhc",Antigen Presentation via MHC-I
REACTOME_983170,"Antigen Presentation: Folding, Assembly And Peptide Loading Of Class I Mhc",3.36966268,2.18E-11,2.39E-08,Jul-84,25/17332,6890/567/6892/6891/2923/811/3105,TAP1/B2M/TAPBP/TAP2/PDIA3/CALR/HLA-A,7,25,Tcells_2019_Cell_Vredevoogd_IFNGR1deficient_D10_Bpos100,14,19,Tcells,pos,7.621520836,"Antigen Presentation: Folding, Assembly And Peptide Loading Of Class I Mhc",Antigen Presentation via MHC-I
REACTOME_983170,"Antigen Presentation: Folding, Assembly And Peptide Loading Of Class I Mhc",12.583323,4.19E-11,1.83E-08,Jul-92,25/17332,6890/6892/567/6891/51752/811/2923,TAP1/TAPBP/B2M/TAP2/ERAP1/CALR/PDIA3,7,25,Tcells_2020_Nature_Lawson_4t1HApos100,14,19,Tcells,pos,7.737633721,"Antigen Presentation: Folding, Assembly And Peptide Loading Of Class I Mhc",Antigen Presentation via MHC-I
REACTOME_983170,"Antigen Presentation: Folding, Assembly And Peptide Loading Of Class I Mhc",5.395862835,2.05E-09,2.11E-06,Jun-86,25/17332,3105/567/6891/6890/6892/9871,HLA-A/B2M/TAP2/TAP1/TAPBP/SEC24D,6,25,Tcells_2020_Nature_Lawson_B16OVApos100,14,19,Tcells,pos,5.675432318,"Antigen Presentation: Folding, Assembly And Peptide Loading Of Class I Mhc",Antigen Presentation via MHC-I
REACTOME_983170,"Antigen Presentation: Folding, Assembly And Peptide Loading Of Class I Mhc",5.963056931,4.88E-11,2.52E-08,Jul-94,25/17332,6890/567/6891/51752/6892/811/2923,TAP1/B2M/TAP2/ERAP1/TAPBP/CALR/PDIA3,7,25,Tcells_2020_Nature_Lawson_Ct26HApos100,14,19,Tcells,pos,7.597913435,"Antigen Presentation: Folding, Assembly And Peptide Loading Of Class I Mhc",Antigen Presentation via MHC-I
REACTOME_983170,"Antigen Presentation: Folding, Assembly And Peptide Loading Of Class I Mhc",5.596793402,3.53E-09,6.86E-07,Jun-94,25/17332,6891/6890/567/6892/51752/811,TAP2/TAP1/B2M/TAPBP/ERAP1/CALR,6,25,Tcells_2020_Nature_Lawson_Emt6HApos100,14,19,Tcells,pos,6.163726353,"Antigen Presentation: Folding, Assembly And Peptide Loading Of Class I Mhc",Antigen Presentation via MHC-I
REACTOME_983170,"Antigen Presentation: Folding, Assembly And Peptide Loading Of Class I Mhc",9.320864281,1.03E-07,3.08E-05,May-82,25/17332,6891/3105/6890/6892/567,TAP2/HLA-A/TAP1/TAPBP/B2M,5,25,Tcells_2020_Nature_Lawson_Mc38OVApos100,14,19,Tcells,pos,4.51108264,"Antigen Presentation: Folding, Assembly And Peptide Loading Of Class I Mhc",Antigen Presentation via MHC-I
REACTOME_983170,"Antigen Presentation: Folding, Assembly And Peptide Loading Of Class I Mhc",4.152919473,4.88E-11,1.65E-08,Jul-94,25/17332,567/6891/6890/51752/6892/2923/22872,B2M/TAP2/TAP1/ERAP1/TAPBP/PDIA3/SEC31A,7,25,Tcells_2020_Nature_Lawson_RencaHApos100,14,19,Tcells,pos,7.782059191,"Antigen Presentation: Folding, Assembly And Peptide Loading Of Class I Mhc",Antigen Presentation via MHC-I
REACTOME_983170,"Antigen Presentation: Folding, Assembly And Peptide Loading Of Class I Mhc",3.08033227,0.000233852,0.006801436,Mar-84,25/17332,567/3105/22872,B2M/HLA-A/SEC31A,3,25,Tcells_2020_ScienceImmunology_Young_MC38pos100,14,19,Tcells,pos,2.167399409,"Antigen Presentation: Folding, Assembly And Peptide Loading Of Class I Mhc",Antigen Presentation via MHC-I
REACTOME_983170,"Antigen Presentation: Folding, Assembly And Peptide Loading Of Class I Mhc",1.485703478,8.27E-06,0.001063816,Apr-91,25/17332,6890/6891/6892/567,TAP1/TAP2/TAPBP/B2M,4,25,Tcells_2022_NatureCommunication_Frey_KPC_OTIpos100,14,19,Tcells,pos,2.973133527,"Antigen Presentation: Folding, Assembly And Peptide Loading Of Class I Mhc",Antigen Presentation via MHC-I
REACTOME_983170,"Antigen Presentation: Folding, Assembly And Peptide Loading Of Class I Mhc",19.61286095,1.10E-07,2.64E-05,May-83,25/17332,567/6891/6892/6890/3105,B2M/TAP2/TAPBP/TAP1/HLA-A,5,25,MHCregulators_2019_CellReport_Freeman_MHClowpos100,11,11,MHCregulators,pos,4.57874857,"Antigen Presentation: Folding, Assembly And Peptide Loading Of Class I Mhc",Antigen Presentation via MHC-I
REACTOME_983170,"Antigen Presentation: Folding, Assembly And Peptide Loading Of Class I Mhc",3.63915076,0.000336172,0.010196817,Mar-95,25/17332,567/6891/6892,B2M/TAP2/TAPBP,3,25,MHCregulators_2019_eLIFE_Pech_MHCpos100,11,11,MHCregulators,pos,1.991535374,"Antigen Presentation: Folding, Assembly And Peptide Loading Of Class I Mhc",Antigen Presentation via MHC-I
REACTOME_983170,"Antigen Presentation: Folding, Assembly And Peptide Loading Of Class I Mhc",12.47461501,1.48E-07,5.70E-05,May-88,25/17332,567/3105/6890/6892/6891,B2M/HLA-A/TAP1/TAPBP/TAP2,5,25,MHCregulators_2021_CancerDiscovery_Gu_MHC_lowpos100,11,11,MHCregulators,pos,4.244137629,"Antigen Presentation: Folding, Assembly And Peptide Loading Of Class I Mhc",Antigen Presentation via MHC-I
REACTOME_983170,"Antigen Presentation: Folding, Assembly And Peptide Loading Of Class I Mhc",28.17021857,4.88E-11,3.40E-08,Jul-94,25/17332,6890/6891/6892/2923/3106/811/567,TAP1/TAP2/TAPBP/PDIA3/HLA-B/CALR/B2M,7,25,MHCregulators_2021_Immunity_Dersh_BJABpos100,11,11,MHCregulators,pos,7.467963553,"Antigen Presentation: Folding, Assembly And Peptide Loading Of Class I Mhc",Antigen Presentation via MHC-I
REACTOME_983170,"Antigen Presentation: Folding, Assembly And Peptide Loading Of Class I Mhc",23.49408889,4.27E-09,2.82E-06,Jun-97,25/17332,6890/6891/6892/567/3106/2923,TAP1/TAP2/TAPBP/B2M/HLA-B/PDIA3,6,25,MHCregulators_2021_Immunity_Dersh_HBL1pos100,11,11,MHCregulators,pos,5.549566906,"Antigen Presentation: Folding, Assembly And Peptide Loading Of Class I Mhc",Antigen Presentation via MHC-I
REACTOME_983170,"Antigen Presentation: Folding, Assembly And Peptide Loading Of Class I Mhc",30.94710555,2.37E-11,2.37E-08,Jul-85,25/17332,6892/6890/3106/811/6891/567/2923,TAPBP/TAP1/HLA-B/CALR/TAP2/B2M/PDIA3,7,25,MHCregulators_2021_Immunity_Dersh_SUDHL5pos100,11,11,MHCregulators,pos,7.624384169,"Antigen Presentation: Folding, Assembly And Peptide Loading Of Class I Mhc",Antigen Presentation via MHC-I
REACTOME_983170,"Antigen Presentation: Folding, Assembly And Peptide Loading Of Class I Mhc",19.84603173,4.19E-11,3.63E-08,Jul-92,25/17332,6892/6891/6890/2923/3106/811/3107,TAPBP/TAP2/TAP1/PDIA3/HLA-B/CALR/HLA-C,7,25,MHCregulators_2021_Immunity_Dersh_TMD8pos100,11,11,MHCregulators,pos,7.439684878,"Antigen Presentation: Folding, Assembly And Peptide Loading Of Class I Mhc",Antigen Presentation via MHC-I
REACTOME_983170,"Antigen Presentation: Folding, Assembly And Peptide Loading Of Class I Mhc",23.01219163,5.67E-11,9.93E-08,Jul-96,25/17332,567/6892/6891/2923/811/6890/22872,B2M/TAPBP/TAP2/PDIA3/CALR/TAP1/SEC31A,7,25,MHCregulators_2023_Cell_Chen_H2_Kb_OVApos100,11,11,MHCregulators,pos,7.003036302,"Antigen Presentation: Folding, Assembly And Peptide Loading Of Class I Mhc",Antigen Presentation via MHC-I
REACTOME_983170,"Antigen Presentation: Folding, Assembly And Peptide Loading Of Class I Mhc",5.270756406,0.000336172,0.00825207,Mar-95,25/17332,6891/6890/6892,TAP2/TAP1/TAPBP,3,25,MHCregulators_2023_Cell_Chen_HLA_A2_AFPpos100,11,11,MHCregulators,pos,2.08343711,"Antigen Presentation: Folding, Assembly And Peptide Loading Of Class I Mhc",Antigen Presentation via MHC-I
REACTOME_983170,"Antigen Presentation: Folding, Assembly And Peptide Loading Of Class I Mhc",8.243191626,4.19E-11,3.59E-08,Jul-92,25/17332,6890/6891/6892/811/2923/567/3106,TAP1/TAP2/TAPBP/CALR/PDIA3/B2M/HLA-B,7,25,MHCregulators_2023_Cell_Chen_HLA_ABCpos100,11,11,MHCregulators,pos,7.445477236,"Antigen Presentation: Folding, Assembly And Peptide Loading Of Class I Mhc",Antigen Presentation via MHC-I
REACTOME_983170,"Antigen Presentation: Folding, Assembly And Peptide Loading Of Class I Mhc",-1.234908167,5.73E-06,0.000997865,Apr-83,25/17332,567/6890/6892/3105,B2M/TAP1/TAPBP/HLA-A,4,25,MHCregulators_2023_NatureCellBiology_Sparbier_HLA_Blowpos100,11,11,MHCregulators,pos,3.000928175,"Antigen Presentation: Folding, Assembly And Peptide Loading Of Class I Mhc",Antigen Presentation via MHC-I
GOBP_ANTIGEN_PROCESSING_AND_PRESENTATION_OF_PEPTIDE_ANTIGEN_VIA_MHC_CLASS_IB,Antigen Processing And Presentation Of Peptide Antigen Via Mhc Class Ib,-10.25943072,0.000575243,0.033838642,Feb-92,7/17332,6891/567,TAP2/B2M,2,7,NKcells_2019_CellReport_Freeman_B16_F10neg100,4,14,NKcells,neg,1.470587072,Antigen Processing And Presentation Of Peptide Antigen Via Mhc Class Ib,Antigen Presentation via MHC-Ib
GOBP_ANTIGEN_PROCESSING_AND_PRESENTATION_OF_PEPTIDE_ANTIGEN_VIA_MHC_CLASS_IB,Antigen Processing And Presentation Of Peptide Antigen Via Mhc Class Ib,-5.296292613,0.000575243,0.028074291,Feb-92,7/17332,3133/6891,HLA-E/TAP2,2,7,NKcells_2021_NatureGenetics_Sheffer_HT29neg100,4,14,NKcells,neg,1.551691204,Antigen Processing And Presentation Of Peptide Antigen Via Mhc Class Ib,Antigen Presentation via MHC-Ib
GOBP_ANTIGEN_PROCESSING_AND_PRESENTATION_OF_PEPTIDE_ANTIGEN_VIA_MHC_CLASS_IB,Antigen Processing And Presentation Of Peptide Antigen Via Mhc Class Ib,-7.225654529,4.36E-06,0.000630053,Mar-88,7/17332,3133/6891/567,HLA-E/TAP2/B2M,3,7,NKcells_2021_NatureGenetics_Sheffer_SW620neg100,4,14,NKcells,neg,3.200623077,Antigen Processing And Presentation Of Peptide Antigen Via Mhc Class Ib,Antigen Presentation via MHC-Ib
GOBP_ANTIGEN_PROCESSING_AND_PRESENTATION_OF_PEPTIDE_ANTIGEN_VIA_MHC_CLASS_IB,Antigen Processing And Presentation Of Peptide Antigen Via Mhc Class Ib,-3.088644953,5.50E-06,0.00064807,Mar-95,7/17332,3133/567/6891,HLA-E/B2M/TAP2,3,7,NKcells_2024_CELL_Li_COLO205_NKneg100,4,14,NKcells,neg,3.188377919,Antigen Processing And Presentation Of Peptide Antigen Via Mhc Class Ib,Antigen Presentation via MHC-Ib
KEGG_hsa04210,Apoptosis,-8.478431753,0.000999293,0.025690746,May-97,136/17332,3551/5970/8772/8837/5894,IKBKB/RELA/FADD/CFLAR/RAF1,5,136,Tcells_2018_Science_Pan_B16_OT_Ineg100,12,18,Tcells,neg,1.590223292,Apoptosis,Apoptosis
KEGG_hsa04210,Apoptosis,-6.007692397,0.006415386,0.085682799,Apr-94,136/17332,7186/5970/329/4170,TRAF2/RELA/BIRC2/MCL1,4,136,Tcells_2018_Science_Pan_B16_Pmel_1neg100,12,18,Tcells,neg,1.067106353,Apoptosis,Apoptosis
KEGG_hsa04210,Apoptosis,-1.809259039,8.57E-05,0.009322952,Jun-92,136/17332,329/7278/8717/8517/7186/5970,BIRC2/TUBA3C/TRADD/IKBKG/TRAF2/RELA,6,136,Tcells_2019_Cell_Vredevoogd_IFNGR1deficient_D10_Aneg100,12,18,Tcells,neg,2.030446529,Apoptosis,Apoptosis
KEGG_hsa04210,Apoptosis,-2.631838644,0.00054818,0.028186666,May-85,136/17332,7186/329/8517/8837/8717,TRAF2/BIRC2/IKBKG/CFLAR/TRADD,5,136,Tcells_2019_Cell_Vredevoogd_IFNGR1deficient_D10_Bneg100,12,18,Tcells,neg,1.549956296,Apoptosis,Apoptosis
KEGG_hsa04210,Apoptosis,-5.896613266,0.006905381,0.075072756,Apr-96,136/17332,5594/8837/5894/8517,MAPK1/CFLAR/RAF1/IKBKG,4,136,Tcells_2020_Nature_Lawson_4t1HAneg100,12,18,Tcells,neg,1.124517638,Apoptosis,Apoptosis
KEGG_hsa04210,Apoptosis,-4.068281785,0.006179294,0.054677389,Apr-93,136/17332,8837/598/8517/7186,CFLAR/BCL2L1/IKBKG/TRAF2,4,136,Tcells_2020_Nature_Lawson_Ct26HAneg100,12,18,Tcells,neg,1.262192235,Apoptosis,Apoptosis
KEGG_hsa04210,Apoptosis,-10.14380956,0.00010248,0.00207766,Jun-95,136/17332,5970/1147/3551/598/329/7186,RELA/CHUK/IKBKB/BCL2L1/BIRC2/TRAF2,6,136,Tcells_2020_Nature_Lawson_Emt6HAneg100,12,18,Tcells,neg,2.682425455,Apoptosis,Apoptosis
KEGG_hsa04210,Apoptosis,-4.505704198,6.25E-07,8.25E-05,Aug-92,136/17332,5594/1147/8517/3725/842/317/9020/10018,MAPK1/CHUK/IKBKG/JUN/CASP9/APAF1/MAP3K14/BCL2L11,8,136,Tcells_2020_Nature_Lawson_Mc38OVAneg100,12,18,Tcells,neg,4.083498927,Apoptosis,Apoptosis
KEGG_hsa04210,Apoptosis,-4.345117477,0.001046473,0.014450365,May-98,136/17332,8772/8517/7186/8837/1647,FADD/IKBKG/TRAF2/CFLAR/GADD45A,5,136,Tcells_2020_Nature_Lawson_RencaHAneg100,12,18,Tcells,neg,1.840121193,Apoptosis,Apoptosis
KEGG_hsa04210,Apoptosis,-4.426391403,0.000115038,0.001909962,Jun-97,136/17332,1147/8837/5970/5594/3551/8517,CHUK/CFLAR/RELA/MAPK1/IKBKB/IKBKG,6,136,Tcells_2020_ScienceImmunology_Young_MC38neg100,12,18,Tcells,neg,2.718975253,Apoptosis,Apoptosis
KEGG_hsa04210,Apoptosis,-2.017303847,0.007419531,0.06237902,Apr-98,136/17332,7186/4792/598/8837,TRAF2/NFKBIA/BCL2L1/CFLAR,4,136,Tcells_2022_NatureCommunication_Frey_KPC_OTIneg100,12,18,Tcells,neg,1.204961452,Apoptosis,Apoptosis
KEGG_hsa04210,Apoptosis,-2.882428782,0.007958317,0.072905789,4/100,136/17332,8772/8737/8837/841,FADD/RIPK1/CFLAR/CASP8,4,136,Tcells_2023_CancerDiscovery_Ito_B16_OT1neg100,12,18,Tcells,neg,1.137237984,Apoptosis,Apoptosis
GOBP_ATP_SYNTHESIS_COUPLED_PROTON_TRANSPORT,Atp Synthesis Coupled Proton Transport,-10.58700703,0.000402394,0.029757009,Mar-97,26/17332,527/523/9551,ATP6V0C/ATP6V1A/ATP5MF,3,26,GammadeltaTcells_2023_Nature_Mamedov_Daudi_Gammadeltaneg100,1,1,GammadeltaTcells,neg,1.526410729,Atp Synthesis Coupled Proton Transport,ATP Synthesis Coupled Proton Transport
KEGG_hsa04140,Autophagy,-10.28143269,9.41E-08,0.000252525,Sep-97,141/17332,8837/9474/5588/10670/440275/29982/5894/8678/7249,CFLAR/ATG5/PRKCQ/RRAGA/EIF2AK4/NRBF2/RAF1/BECN1/TSC2,9,141,Tcells_2018_Science_Pan_B16_OT_Ineg100,13,18,Tcells,neg,3.597695719,Autophagy,Autophagy
KEGG_hsa04140,Autophagy,-7.130046392,0.000117895,0.009239536,Jun-94,141/17332,9474/6885/29982/5861/9776/5588,ATG5/MAP3K7/NRBF2/RAB1A/ATG13/PRKCQ,6,141,Tcells_2018_Science_Pan_B16_Pmel_1neg100,13,18,Tcells,neg,2.034349828,Autophagy,Autophagy
KEGG_hsa04140,Autophagy,-1.896276988,0.00674807,0.095551067,Apr-92,141/17332,6885/6794/7248/29110,MAP3K7/STK11/TSC1/TBK1,4,141,Tcells_2019_Cell_Vredevoogd_IFNGR1deficient_D10_Aneg100,13,18,Tcells,neg,1.019764457,Autophagy,Autophagy
KEGG_hsa04140,Autophagy,-1.684250448,0.000645933,0.029415298,May-85,141/17332,6885/7249/29110/7248/8837,MAP3K7/TSC2/TBK1/TSC1/CFLAR,5,141,Tcells_2019_Cell_Vredevoogd_IFNGR1deficient_D10_Bneg100,13,18,Tcells,neg,1.53142674,Autophagy,Autophagy
KEGG_hsa04140,Autophagy,-6.242521163,0.001120884,0.028148034,May-96,141/17332,5594/55578/8837/5894/79065,MAPK1/SUPT20H/CFLAR/RAF1/ATG9A,5,141,Tcells_2020_Nature_Lawson_4t1HAneg100,13,18,Tcells,neg,1.550551938,Autophagy,Autophagy
KEGG_hsa04140,Autophagy,-6.118818601,6.51E-08,6.40E-06,Sep-93,141/17332,8837/64422/60673/598/29110/10533/6885/9140/9821,CFLAR/ATG3/ATG101/BCL2L1/TBK1/ATG7/MAP3K7/ATG12/RB1CC1,9,141,Tcells_2020_Nature_Lawson_Ct26HAneg100,13,18,Tcells,neg,5.193803837,Autophagy,Autophagy
KEGG_hsa04140,Autophagy,-11.10628834,3.36E-14,3.81E-11,14/95,141/17332,10533/64422/9474/60673/9140/598/83734/29110/9776/22863/9821/55054/55014/26100,ATG7/ATG3/ATG5/ATG101/ATG12/BCL2L1/ATG10/TBK1/ATG13/ATG14/RB1CC1/ATG16L1/STX17/WIPI2,14,141,Tcells_2020_Nature_Lawson_Emt6HAneg100,13,18,Tcells,neg,10.41895288,Autophagy,Autophagy
KEGG_hsa04140,Autophagy,-4.83550316,0.00674807,0.064821498,Apr-92,141/17332,5594/3667/60673/9474,MAPK1/IRS1/ATG101/ATG5,4,141,Tcells_2020_Nature_Lawson_Mc38OVAneg100,13,18,Tcells,neg,1.188280934,Autophagy,Autophagy
KEGG_hsa04140,Autophagy,-9.696555691,5.25E-14,2.94E-11,14/98,141/17332,83734/64422/10533/9474/9140/79065/29110/60673/9776/23130/22863/26100/8837/9821,ATG10/ATG3/ATG7/ATG5/ATG12/ATG9A/TBK1/ATG101/ATG13/ATG2A/ATG14/WIPI2/CFLAR/RB1CC1,14,141,Tcells_2020_Nature_Lawson_RencaHAneg100,13,18,Tcells,neg,10.53182676,Autophagy,Autophagy
KEGG_hsa04140,Autophagy,-5.084413786,6.34E-09,6.16E-07,Oct-97,141/17332,6885/79065/9140/8837/9474/5594/29110/5861/9776/26100,MAP3K7/ATG9A/ATG12/CFLAR/ATG5/MAPK1/TBK1/RAB1A/ATG13/WIPI2,10,141,Tcells_2020_ScienceImmunology_Young_MC38neg100,13,18,Tcells,neg,6.210555786,Autophagy,Autophagy
KEGG_hsa04140,Autophagy,-23664.99746,1.42E-05,0.00101431,Jul-97,141/17332,29110/9821/79065/60673/9776/8408/81671,TBK1/RB1CC1/ATG9A/ATG101/ATG13/ULK1/VMP1,7,141,Tcells_2022_CellReportMedicine_Zhang_D10_Tneg100,13,18,Tcells,neg,2.993829292,Autophagy,Autophagy
KEGG_hsa04140,Autophagy,-3.241815453,1.03E-07,2.33E-05,Sep-98,141/17332,11345/6794/9474/598/8837/83734/6885/29110/9140,GABARAPL2/STK11/ATG5/BCL2L1/CFLAR/ATG10/MAP3K7/TBK1/ATG12,9,141,Tcells_2022_NatureCommunication_Frey_KPC_OTIneg100,13,18,Tcells,neg,4.631761108,Autophagy,Autophagy
KEGG_hsa04140,Autophagy,-6.128806548,1.56E-06,0.000153001,8/100,141/17332,29110/55578/83734/5861/9474/8837/6885/29982,TBK1/SUPT20H/ATG10/RAB1A/ATG5/CFLAR/MAP3K7/NRBF2,8,141,Tcells_2023_CancerDiscovery_Ito_B16_OT1neg100,13,18,Tcells,neg,3.815306778,Autophagy,Autophagy
KEGG_hsa04625,C-Type Lectin Receptor Signaling Pathway,-6.435628741,0.000207132,0.054787754,May-90,104/17332,4775/5970/5600/810/3551,NFATC3/RELA/MAPK11/CALML3/IKBKB,5,104,NKcells_2021_NatureGenetics_Sheffer_HCT15neg100,3,14,NKcells,neg,1.261316501,C-Type Lectin Receptor Signaling Pathway,"C-Type Lectin Receptor Signaling Pathway

"
KEGG_hsa04625,C-Type Lectin Receptor Signaling Pathway,-4.096832683,0.00228096,0.058466328,Apr-92,104/17332,6773/3659/6772/8517,STAT2/IRF1/STAT1/IKBKG,4,104,NKcells_2021_NatureGenetics_Sheffer_HT29neg100,3,14,NKcells,neg,1.23309418,C-Type Lectin Receptor Signaling Pathway,"C-Type Lectin Receptor Signaling Pathway

"
KEGG_hsa04625,C-Type Lectin Receptor Signaling Pathway,-1.205288979,0.002563497,0.072610468,Apr-95,104/17332,841/22808/53342/10379,CASP8/MRAS/IL17D/IRF9,4,104,NKcells_2024_CELL_Li_COLO205_NKneg100,3,14,NKcells,neg,1.139000763,C-Type Lectin Receptor Signaling Pathway,"C-Type Lectin Receptor Signaling Pathway

"
GOBP_CARBOHYDRATE_BIOSYNTHETIC_PROCESS,Carbohydrate Biosynthetic Process,-9.603195772,0.000658046,0.029104427,Jun-87,210/17332,7360/60343/9334/5771/10678/2033,UGP2/FAM3A/B4GALT5/PTPN2/B3GNT2/EP300,6,210,MHCregulators_2019_eLIFE_Pech_MHCneg100,3,14,MHCregulators,neg,1.536040942,Carbohydrate Biosynthetic Process,Carbohydrate Biosynthetic Process
GOBP_CARBOHYDRATE_BIOSYNTHETIC_PROCESS,Carbohydrate Biosynthetic Process,-20.69790487,9.60E-05,0.014161592,Jul-88,210/17332,10678/4247/2821/9526/4485/60343/7360,B3GNT2/MGAT2/GPI/MPDU1/MST1/FAM3A/UGP2,7,210,MHCregulators_2021_Immunity_Dersh_HBL1neg100,3,14,MHCregulators,neg,1.848887916,Carbohydrate Biosynthetic Process,Carbohydrate Biosynthetic Process
GOBP_CARBOHYDRATE_BIOSYNTHETIC_PROCESS,Carbohydrate Biosynthetic Process,-8.553214128,0.000145564,0.006621298,Jul-94,210/17332,60343/7874/7360/10678/9334/2033/54187,FAM3A/USP7/UGP2/B3GNT2/B4GALT5/EP300/NANS,7,210,MHCregulators_2023_Cell_Chen_HLA_ABCneg100,3,14,MHCregulators,neg,2.179056862,Carbohydrate Biosynthetic Process,Carbohydrate Biosynthetic Process
GOBP_CARBOHYDRATE_DERIVATIVE_TRANSPORT,Carbohydrate Derivative Transport,1.591073578,0.000766316,0.026354593,Apr-88,81/17332,60386/56262/84230/84255,SLC25A19/LRRC8A/LRRC8C/SLC37A3,4,81,GammadeltaTcells_2023_Nature_Mamedov_Daudi_Gammadeltapos100,1,1,GammadeltaTcells,pos,1.579143683,Carbohydrate Derivative Transport,Carbohydrate Derivative Transport
GOBP_CELLULAR_AMINO_ACID_METABOLIC_PROCESS,Cellular Amino Acid Metabolic Process,-21.85823344,4.54E-06,0.000746532,Oct-97,286/17332,54938/2356/2618/7407/92935/10667/51540/25973/57505/3035,SARS2/FPGS/GART/VARS1/MARS2/FARS2/SCLY/PARS2/AARS2/HARS1,10,286,GammadeltaTcells_2023_Nature_Mamedov_Daudi_Gammadeltaneg100,1,1,GammadeltaTcells,neg,3.126951647,Cellular Amino Acid Metabolic Process,Cellular Amino Acid Metabolic Process
GOBP_CORTICOSTEROID_RECEPTOR_SIGNALING_PATHWAY,Corticosteroid Receptor Signaling Pathway,-9.823662211,0.002433115,0.07435221,Feb-92,14/17332,3717/2908,JAK2/NR3C1,2,14,NKcells_2019_CellReport_Freeman_B16_F10neg100,3,14,NKcells,neg,1.128706118,Corticosteroid Receptor Signaling Pathway,Corticosteroid Receptor Signaling Pathway
GOBP_CORTICOSTEROID_RECEPTOR_SIGNALING_PATHWAY,Corticosteroid Receptor Signaling Pathway,-1.416073359,0.002279329,0.069070562,Feb-89,14/17332,3717/8289,JAK2/ARID1A,2,14,NKcells_2019_eLIFE_Pech_K562neg100,3,14,NKcells,neg,1.160707012,Corticosteroid Receptor Signaling Pathway,Corticosteroid Receptor Signaling Pathway
GOBP_CORTICOSTEROID_RECEPTOR_SIGNALING_PATHWAY,Corticosteroid Receptor Signaling Pathway,-5.293696833,4.42E-05,0.004479681,Mar-88,14/17332,3717/5245/811,JAK2/PHB/CALR,3,14,NKcells_2021_NatureGenetics_Sheffer_SW620neg100,3,14,NKcells,neg,2.348752929,Corticosteroid Receptor Signaling Pathway,Corticosteroid Receptor Signaling Pathway
GOBP_CYTOSOLIC_TRANSPORT,Cytosolic Transport,-15.55629382,0.002284253,0.044053457,May-92,173/17332,160/7879/51699/5289/51652,AP2A1/RAB7A/VPS29/PIK3C3/CHMP3,5,173,MHCregulators_2021_Immunity_Dersh_BJABneg100,3,14,MHCregulators,neg,1.356020007,Cytosolic Transport,Cytosolic Transport
GOBP_CYTOSOLIC_TRANSPORT,Cytosolic Transport,-4.10693114,0.000337232,0.012198712,Jun-93,173/17332,6293/7874/90196/7260/10139/8724,VPS52/USP7/SYS1/EIPR1/ARFRP1/SNX3,6,173,MHCregulators_2023_Cell_Chen_HLA_A2_AFPneg100,3,14,MHCregulators,neg,1.913686021,Cytosolic Transport,Cytosolic Transport
GOBP_CYTOSOLIC_TRANSPORT,Cytosolic Transport,-5.577991568,0.000357284,0.014405053,Jun-94,173/17332,7874/6293/7260/55737/55610/55275,USP7/VPS52/EIPR1/VPS35/VPS50/VPS53,6,173,MHCregulators_2023_Cell_Chen_HLA_ABCneg100,3,14,MHCregulators,neg,1.841485139,Cytosolic Transport,Cytosolic Transport
GOBP_REGULATION_OF_GENERATION_OF_PRECURSOR_METABOLITES_AND_ENERGY,Regulation Of Generation Of Precursor Metabolites And Energy,1.683894149,0.004826277,0.070262301,Apr-88,134/17332,51341/9759/3454/54541,ZBTB7A/HDAC4/IFNAR1/DDIT4,4,134,GammadeltaTcells_2023_Nature_Mamedov_Daudi_Gammadeltapos100,1,1,GammadeltaTcells,pos,1.153277631,Regulation Of Generation Of Precursor Metabolites And Energy,"Generation of Precursor Metabolites and

 Energy"
GOBP_GLYCOSYLATION,Glycosylation,-21.3947377,3.66E-05,0.008835838,Aug-88,247/17332,10678/11282/4247/9526/746/10724/57171/8703,B3GNT2/MGAT4B/MGAT2/MPDU1/TMEM258/OGA/DOLPP1/B4GALT3,8,247,MHCregulators_2021_Immunity_Dersh_HBL1neg100,3,14,MHCregulators,neg,2.053752253,Glycosylation,Glycosylation
GOBP_GLYCOSYLATION,Glycosylation,-4.88457166,0.000366692,0.013000974,Jul-93,247/17332,25839/56886/83548/10195/84342/9382/79087,COG4/UGGT1/COG3/ALG3/COG8/COG1/ALG12,7,247,MHCregulators_2023_Cell_Chen_HLA_A2_AFPneg100,3,14,MHCregulators,neg,1.886024116,Glycosylation,Glycosylation
GOBP_GLYCOSYLATION,Glycosylation,-15.17648672,6.01E-21,1.07E-17,22/94,247/17332,84002/1603/29880/2673/10678/100128731/9334/22845/8703/5373/1650/54187/83548/84342/746/29929/85365/440138/3703/91949/5238/55858,B3GNT5/DAD1/ALG5/GFPT1/B3GNT2/OST4/B4GALT5/DOLK/B4GALT3/PMM2/DDOST/NANS/COG3/COG8/TMEM258/ALG6/ALG2/ALG11/STT3A/COG7/PGM3/TMEM165,22,247,MHCregulators_2023_Cell_Chen_HLA_ABCneg100,3,14,MHCregulators,neg,16.97211101,Glycosylation,Glycosylation
PID_HDAC_CLASSI_PATHWAY,Hdac Classi Pathway,2.159825332,2.11E-05,0.003571207,May-88,66/17332,23411/1387/9759/9219/3066,SIRT1/CREBBP/HDAC4/MTA2/HDAC2,5,66,GammadeltaTcells_2023_Nature_Mamedov_Daudi_Gammadeltapos100,1,1,GammadeltaTcells,pos,2.447184967,Hdac Classi Pathway,HDAC ClassI Pathway
REACTOME_5358346,Hedgehog Ligand Biogenesis,-1.708486003,0.003291676,0.03719192,Mar-86,60/17332,5693/5687/5691,PSMB5/PSMA6/PSMB3,3,60,Tcells_2017_Nature_Patel_Mel624pos100,5,19,Tcells,pos,1.4295514,Hedgehog Ligand Biogenesis,Hedgehog Ligand Biogenesis
REACTOME_5358346,Hedgehog Ligand Biogenesis,3.87925197,0.001907074,0.026626462,Mar-71,60/17332,51009/84447/6400,DERL2/SYVN1/SEL1L,3,60,Tcells_2018_Science_Pan_B16_OT_Ipos100,5,19,Tcells,pos,1.574686537,Hedgehog Ligand Biogenesis,Hedgehog Ligand Biogenesis
REACTOME_5358346,Hedgehog Ligand Biogenesis,1.72244587,0.003980377,0.0612978,Mar-92,60/17332,6400/5721/5720,SEL1L/PSME2/PSME1,3,60,Tcells_2020_Nature_Lawson_4t1HApos100,5,19,Tcells,pos,1.212555114,Hedgehog Ligand Biogenesis,Hedgehog Ligand Biogenesis
REACTOME_5358346,Hedgehog Ligand Biogenesis,1.145275039,0.004227947,0.0410488,Mar-94,60/17332,5720/5721/5698,PSME1/PSME2/PSMB9,3,60,Tcells_2020_Nature_Lawson_Ct26HApos100,5,19,Tcells,pos,1.386699532,Hedgehog Ligand Biogenesis,Hedgehog Ligand Biogenesis
REACTOME_5358346,Hedgehog Ligand Biogenesis,2.007460454,1.82E-05,0.000723896,May-94,60/17332,6400/84447/5693/51009/5720,SEL1L/SYVN1/PSMB5/DERL2/PSME1,5,60,Tcells_2020_Nature_Lawson_RencaHApos100,5,19,Tcells,pos,3.140323635,Hedgehog Ligand Biogenesis,Hedgehog Ligand Biogenesis
GOBP_HISTONE_H4_ACETYLATION,Histone H4 Acetylation,-6.24260121,0.000495082,0.02394957,Apr-87,73/17332,26122/55257/10943/2033,EPC2/MRGBP/MSL3/EP300,4,73,MHCregulators_2019_eLIFE_Pech_MHCneg100,4,14,MHCregulators,neg,1.620702282,Histone H4 Acetylation,Histone H4 Acetylation
GOBP_HISTONE_H4_ACETYLATION,Histone H4 Acetylation,-13.15221072,0.00688526,0.0820156,Mar-92,73/17332,51147/55257/6598,ING4/MRGBP/SMARCB1,3,73,MHCregulators_2021_Immunity_Dersh_BJABneg100,4,14,MHCregulators,neg,1.086103535,Histone H4 Acetylation,Histone H4 Acetylation
GOBP_HISTONE_H4_ACETYLATION,Histone H4 Acetylation,-17.22180265,0.000611712,0.043262833,Apr-92,73/17332,1487/55257/23326/10933,CTBP1/MRGBP/USP22/MORF4L1,4,73,MHCregulators_2021_Immunity_Dersh_SUDHL5neg100,4,14,MHCregulators,neg,1.363885041,Histone H4 Acetylation,Histone H4 Acetylation
GOBP_HISTONE_H4_ACETYLATION,Histone H4 Acetylation,-3.814554811,0.007305512,0.073248343,Mar-94,73/17332,55683/2033/10445,KANSL3/EP300/MCRS1,3,73,MHCregulators_2023_Cell_Chen_HLA_ABCneg100,4,14,MHCregulators,neg,1.135202197,Histone H4 Acetylation,Histone H4 Acetylation
GOBP_HISTONE_UBIQUITINATION,Histone Ubiquitination,-22.01504135,5.81E-09,8.20E-06,Jul-92,48/17332,7324/84759/23512/23326/54880/56970/7334,UBE2E1/PCGF1/SUZ12/USP22/BCOR/ATXN7L3/UBE2N,7,48,MHCregulators_2021_Immunity_Dersh_SUDHL5neg100,3,14,MHCregulators,neg,5.085981317,Histone Ubiquitination,Histone Ubiquitination
GOBP_HISTONE_UBIQUITINATION,Histone Ubiquitination,-4.035449849,5.69E-06,0.000486875,May-93,48/17332,56970/84759/6015/7334/29128,ATXN7L3/PCGF1/RING1/UBE2N/UHRF1,5,48,MHCregulators_2023_Cell_Chen_HLA_A2_AFPneg100,3,14,MHCregulators,neg,3.312582923,Histone Ubiquitination,Histone Ubiquitination
GOBP_HISTONE_UBIQUITINATION,Histone Ubiquitination,-4.307258475,0.002239378,0.035470152,Mar-94,48/17332,29128/84759/6015,UHRF1/PCGF1/RING1,3,48,MHCregulators_2023_Cell_Chen_HLA_ABCneg100,3,14,MHCregulators,neg,1.450136947,Histone Ubiquitination,Histone Ubiquitination
BIOCARTA_HSWI_SNF_PATHWAY,Hswi Snf Pathway,2.028434734,3.72E-07,0.000116349,Apr-93,12/17332,8289/6599/6601/6597,ARID1A/SMARCC1/SMARCC2/SMARCA4,4,12,Macrophages_2021_Nature_Kamber_Ramos_macrophagepos100,1,1,Macrophages,pos,3.934235923,Hswi Snf Pathway,HSWI SNF Pathway
BIOCARTA_IFNA_PATHWAY,Ifna Pathway,13.75596149,0.000798076,0.026896576,Feb-83,9/17332,6772/3716,STAT1/JAK1,2,9,MHCregulators_2019_CellReport_Freeman_MHClowpos100,6,11,MHCregulators,pos,1.570302998,Ifna Pathway,IFNa Pathway
BIOCARTA_IFNA_PATHWAY,Ifna Pathway,9.015330566,0.001043757,0.019124668,Feb-95,9/17332,3716/6772,JAK1/STAT1,2,9,MHCregulators_2019_eLIFE_Pech_MHCpos100,6,11,MHCregulators,pos,1.718406092,Ifna Pathway,IFNa Pathway
BIOCARTA_IFNA_PATHWAY,Ifna Pathway,8.700930187,1.27E-05,0.001473054,Mar-94,9/17332,3716/3455/7297,JAK1/IFNAR2/TYK2,3,9,MHCregulators_2021_Immunity_Dersh_BJABpos100,6,11,MHCregulators,pos,2.831781198,Ifna Pathway,IFNa Pathway
BIOCARTA_IFNA_PATHWAY,Ifna Pathway,9.05958949,0.001087819,0.049001306,Feb-97,9/17332,7297/6773,TYK2/STAT2,2,9,MHCregulators_2021_Immunity_Dersh_HBL1pos100,6,11,MHCregulators,pos,1.309792348,Ifna Pathway,IFNa Pathway
BIOCARTA_IFNA_PATHWAY,Ifna Pathway,2.421433001,0.000979328,0.034949775,Feb-92,9/17332,6773/7297,STAT2/TYK2,2,9,MHCregulators_2023_Cell_Chen_HLA_ABCpos100,6,11,MHCregulators,pos,1.456555621,Ifna Pathway,IFNa Pathway
BIOCARTA_IFNA_PATHWAY,Ifna Pathway,-15.69448719,0.000798076,0.027259788,Feb-83,9/17332,6772/3716,STAT1/JAK1,2,9,MHCregulators_2023_NatureCellBiology_Sparbier_HLA_Blowpos100,6,11,MHCregulators,pos,1.564477532,Ifna Pathway,IFNa Pathway
BIOCARTA_IFNG_PATHWAY,Ifng Pathway,-16.09280447,1.11E-08,1.30E-05,Apr-92,6/17332,3717/3716/3460/3459,JAK2/JAK1/IFNGR2/IFNGR1,4,6,NKcells_2019_CellReport_Freeman_B16_F10neg100,4,14,NKcells,neg,4.885635306,Ifng Pathway,IFNg Pathway
BIOCARTA_IFNG_PATHWAY,Ifng Pathway,-3.321454531,1.90E-11,3.81E-08,May-89,6/17332,3460/3716/3717/6772/3459,IFNGR2/JAK1/JAK2/STAT1/IFNGR1,5,6,NKcells_2019_eLIFE_Pech_K562neg100,4,14,NKcells,neg,7.419260328,Ifng Pathway,IFNg Pathway
BIOCARTA_IFNG_PATHWAY,Ifng Pathway,-2.083579778,0.000412313,0.023231694,Feb-92,6/17332,6772/3716,STAT1/JAK1,2,6,NKcells_2021_NatureGenetics_Sheffer_HT29neg100,4,14,NKcells,neg,1.633919127,Ifng Pathway,IFNg Pathway
BIOCARTA_IFNG_PATHWAY,Ifng Pathway,-8.88615817,9.23E-09,4.27E-06,Apr-88,6/17332,3717/3459/3460/6772,JAK2/IFNGR1/IFNGR2/STAT1,4,6,NKcells_2021_NatureGenetics_Sheffer_SW620neg100,4,14,NKcells,neg,5.36977871,Ifng Pathway,IFNg Pathway
REACTOME_877300,Interferon Gamma Signaling,-3.336659496,0.000880333,0.018328732,Apr-86,86/17332,3105/567/6772/3716,HLA-A/B2M/STAT1/JAK1,4,86,Tcells_2017_Nature_Patel_Mel624pos100,17,19,Tcells,pos,1.736867576,Interferon Gamma Signaling,IFNg Signaling
REACTOME_877300,Interferon Gamma Signaling,17.48468142,5.94E-08,1.01E-05,Jul-71,86/17332,3716/6772/3460/3459/567/3105/3717,JAK1/STAT1/IFNGR2/IFNGR1/B2M/HLA-A/JAK2,7,86,Tcells_2018_Science_Pan_B16_OT_Ipos100,17,19,Tcells,pos,4.996070421,Interferon Gamma Signaling,IFNg Signaling
REACTOME_877300,Interferon Gamma Signaling,9.947879795,4.58E-10,1.56E-07,20-Jun,86/17332,567/3460/3459/3717/3716/6772,B2M/IFNGR2/IFNGR1/JAK2/JAK1/STAT1,6,86,Tcells_2018_Science_Pan_B16_Pmel_1pos100,17,19,Tcells,pos,6.806535181,Interferon Gamma Signaling,IFNg Signaling
REACTOME_877300,Interferon Gamma Signaling,NA,3.09E-07,0.000214877,Jul-90,86/17332,3716/6772/3460/3459/3717/567/3662,JAK1/STAT1/IFNGR2/IFNGR1/JAK2/B2M/IRF4,7,86,Tcells_2018_ScienceImmunology_Kearney_B16_OTIpos100,17,19,Tcells,pos,3.667809657,Interferon Gamma Signaling,IFNg Signaling
REACTOME_877300,Interferon Gamma Signaling,-2.9298142,4.00E-06,0.001451987,Jun-85,86/17332,3716/3460/3459/6772/3717/3664,JAK1/IFNGR2/IFNGR1/STAT1/JAK2/IRF6,6,86,Tcells_2018_ScienceImmunology_Kearney_B16_perforinko_OTIpos100,17,19,Tcells,pos,2.83803724,Interferon Gamma Signaling,IFNg Signaling
REACTOME_877300,Interferon Gamma Signaling,-1.907274177,8.00E-05,0.009342738,May-89,86/17332,3716/567/3659/6772/55128,JAK1/B2M/IRF1/STAT1/TRIM68,5,86,Tcells_2018_ScienceImmunology_Kearney_MC38_IgG_OTIpos100,17,19,Tcells,pos,2.029525838,Interferon Gamma Signaling,IFNg Signaling
REACTOME_877300,Interferon Gamma Signaling,2.293583031,0.000770433,0.052783125,Apr-83,86/17332,567/3383/3660/3105,B2M/ICAM1/IRF2/HLA-A,4,86,Tcells_2019_Cell_Vredevoogd_IFNGR1deficient_D10_Apos100,17,19,Tcells,pos,1.277504902,Interferon Gamma Signaling,IFNg Signaling
REACTOME_877300,Interferon Gamma Signaling,1.823202542,0.00080592,0.033915031,Apr-84,86/17332,567/3660/3383/3105,B2M/IRF2/ICAM1/HLA-A,4,86,Tcells_2019_Cell_Vredevoogd_IFNGR1deficient_D10_Bpos100,17,19,Tcells,pos,1.469607777,Interferon Gamma Signaling,IFNg Signaling
REACTOME_877300,Interferon Gamma Signaling,18.09169475,1.75E-08,2.94E-06,Aug-92,86/17332,3460/6772/3459/3716/3717/567/3659/10379,IFNGR2/STAT1/IFNGR1/JAK1/JAK2/B2M/IRF1/IRF9,8,86,Tcells_2020_Nature_Lawson_4t1HApos100,17,19,Tcells,pos,5.531925131,Interferon Gamma Signaling,IFNg Signaling
REACTOME_877300,Interferon Gamma Signaling,15.43693504,2.26E-07,7.75E-05,Jul-86,86/17332,3459/3716/6772/3717/3460/3105/567,IFNGR1/JAK1/STAT1/JAK2/IFNGR2/HLA-A/B2M,7,86,Tcells_2020_Nature_Lawson_B16OVApos100,17,19,Tcells,pos,4.110525266,Interferon Gamma Signaling,IFNg Signaling
REACTOME_877300,Interferon Gamma Signaling,11.7788428,8.96E-10,2.65E-07,Sep-94,86/17332,3716/6772/3459/3717/3460/567/10379/3659/7412,JAK1/STAT1/IFNGR1/JAK2/IFNGR2/B2M/IRF9/IRF1/VCAM1,9,86,Tcells_2020_Nature_Lawson_Ct26HApos100,17,19,Tcells,pos,6.577130266,Interferon Gamma Signaling,IFNg Signaling
REACTOME_877300,Interferon Gamma Signaling,6.68949743,7.18E-06,0.000330072,Jun-94,86/17332,3716/3459/567/3717/6772/3460,JAK1/IFNGR1/B2M/JAK2/STAT1/IFNGR2,6,86,Tcells_2020_Nature_Lawson_Emt6HApos100,17,19,Tcells,pos,3.481391825,Interferon Gamma Signaling,IFNg Signaling
REACTOME_877300,Interferon Gamma Signaling,7.548597963,1.63E-07,3.86E-05,Jul-82,86/17332,3105/3717/3459/567/5371/7412/3460,HLA-A/JAK2/IFNGR1/B2M/PML/VCAM1/IFNGR2,7,86,Tcells_2020_Nature_Lawson_Mc38OVApos100,17,19,Tcells,pos,4.413490256,Interferon Gamma Signaling,IFNg Signaling
REACTOME_877300,Interferon Gamma Signaling,6.128821629,4.17E-07,3.03E-05,Jul-94,86/17332,3716/6772/567/3459/3460/3717/3383,JAK1/STAT1/B2M/IFNGR1/IFNGR2/JAK2/ICAM1,7,86,Tcells_2020_Nature_Lawson_RencaHApos100,17,19,Tcells,pos,4.519251938,Interferon Gamma Signaling,IFNg Signaling
REACTOME_877300,Interferon Gamma Signaling,48810.38812,7.18E-06,0.000512486,Jun-94,86/17332,3716/3460/6772/3659/3717/567,JAK1/IFNGR2/STAT1/IRF1/JAK2/B2M,6,86,Tcells_2022_CellReportMedicine_Zhang_D10_Tpos100,17,19,Tcells,pos,3.290317966,Interferon Gamma Signaling,IFNg Signaling
REACTOME_877300,Interferon Gamma Signaling,5.28339504,3.34E-07,0.00016329,Jul-91,86/17332,6772/3460/3459/3716/3717/5371/567,STAT1/IFNGR2/IFNGR1/JAK1/JAK2/PML/B2M,7,86,Tcells_2022_NatureCommunication_Frey_KPC_OTIpos100,17,19,Tcells,pos,3.787040846,Interferon Gamma Signaling,IFNg Signaling
REACTOME_877300,Interferon Gamma Signaling,9.561489884,5.23E-06,0.000522616,Jun-89,86/17332,6772/3460/3459/3717/3716/10379,STAT1/IFNGR2/IFNGR1/JAK2/JAK1/IRF9,6,86,Tcells_2023_CancerDiscovery_Ito_B16_OT1pos100,17,19,Tcells,pos,3.281817693,Interferon Gamma Signaling,IFNg Signaling
REACTOME_877300,Interferon Gamma Signaling,30.65983323,7.68E-09,2.95E-06,Aug-83,86/17332,3459/6772/3460/567/3717/3716/3659/3105,IFNGR1/STAT1/IFNGR2/B2M/JAK2/JAK1/IRF1/HLA-A,8,86,MHCregulators_2019_CellReport_Freeman_MHClowpos100,6,11,MHCregulators,pos,5.529890644,Interferon Gamma Signaling,IFNg Signaling
REACTOME_877300,Interferon Gamma Signaling,17.78678442,2.26E-08,6.62E-06,Aug-95,86/17332,3460/3716/3659/567/6772/3717/3459/3660,IFNGR2/JAK1/IRF1/B2M/STAT1/JAK2/IFNGR1/IRF2,8,86,MHCregulators_2019_eLIFE_Pech_MHCpos100,6,11,MHCregulators,pos,5.179446819,Interferon Gamma Signaling,IFNg Signaling
REACTOME_877300,Interferon Gamma Signaling,9.70717399,7.58E-05,0.009765807,May-88,86/17332,567/3105/3717/3460/3122,B2M/HLA-A/JAK2/IFNGR2/HLA-DRA,5,86,MHCregulators_2021_CancerDiscovery_Gu_MHC_lowpos100,6,11,MHCregulators,pos,2.010291863,Interferon Gamma Signaling,IFNg Signaling
REACTOME_877300,Interferon Gamma Signaling,20.46884928,7.18E-06,0.001001707,Jun-94,86/17332,3394/3106/5777/3716/567/3659,IRF8/HLA-B/PTPN6/JAK1/B2M/IRF1,6,86,MHCregulators_2021_Immunity_Dersh_BJABpos100,6,11,MHCregulators,pos,2.999259424,Interferon Gamma Signaling,IFNg Signaling
REACTOME_877300,Interferon Gamma Signaling,4.112110371,0.001132527,0.039592215,Apr-92,86/17332,3394/567/3659/3106,IRF8/B2M/IRF1/HLA-B,4,86,MHCregulators_2023_Cell_Chen_HLA_ABCpos100,6,11,MHCregulators,pos,1.402390195,Interferon Gamma Signaling,IFNg Signaling
REACTOME_877300,Interferon Gamma Signaling,-28.6905608,7.68E-09,4.46E-06,Aug-83,86/17332,6772/3459/3717/3716/3460/3659/567/3105,STAT1/IFNGR1/JAK2/JAK1/IFNGR2/IRF1/B2M/HLA-A,8,86,MHCregulators_2023_NatureCellBiology_Sparbier_HLA_Blowpos100,6,11,MHCregulators,pos,5.350521108,Interferon Gamma Signaling,IFNg Signaling
GOBP_LIPOPROTEIN_BIOSYNTHETIC_PROCESS,Lipoprotein Biosynthetic Process,-7.750262756,1.81E-05,0.003769096,Jun-94,101/17332,94005/128869/9474/10026/8733/9776,PIGS/PIGU/ATG5/PIGK/GPAA1/ATG13,6,101,Tcells_2018_Science_Pan_B16_Pmel_1neg100,8,18,Tcells,neg,2.423762765,Lipoprotein Biosynthetic Process,Lipoprotein Biosynthetic Process
GOBP_LIPOPROTEIN_BIOSYNTHETIC_PROCESS,Lipoprotein Biosynthetic Process,-5.036442169,2.08E-16,1.62E-13,14/93,101/17332,5279/60673/10533/5277/5283/9140/84720/54965/9487/93183/84992/10026/284098/9821,PIGC/ATG101/ATG7/PIGA/PIGH/ATG12/PIGO/PIGX/PIGL/PIGM/PIGY/PIGK/PIGW/RB1CC1,14,101,Tcells_2020_Nature_Lawson_Ct26HAneg100,8,18,Tcells,neg,12.78999585,Lipoprotein Biosynthetic Process,Lipoprotein Biosynthetic Process
GOBP_LIPOPROTEIN_BIOSYNTHETIC_PROCESS,Lipoprotein Biosynthetic Process,-9.504781428,9.49E-15,2.15E-11,13/95,101/17332,10533/9474/60673/9140/83734/9776/5279/9821/55054/10026/5283/5277/26100,ATG7/ATG5/ATG101/ATG12/ATG10/ATG13/PIGC/RB1CC1/ATG16L1/PIGK/PIGH/PIGA/WIPI2,13,101,Tcells_2020_Nature_Lawson_Emt6HAneg100,8,18,Tcells,neg,10.66724237,Lipoprotein Biosynthetic Process,Lipoprotein Biosynthetic Process
GOBP_LIPOPROTEIN_BIOSYNTHETIC_PROCESS,Lipoprotein Biosynthetic Process,-8.263422646,1.03E-07,1.09E-05,Aug-98,101/17332,83734/10533/9474/9140/60673/9776/26100/9821,ATG10/ATG7/ATG5/ATG12/ATG101/ATG13/WIPI2/RB1CC1,8,101,Tcells_2020_Nature_Lawson_RencaHAneg100,8,18,Tcells,neg,4.961530059,Lipoprotein Biosynthetic Process,Lipoprotein Biosynthetic Process
GOBP_LIPOPROTEIN_BIOSYNTHETIC_PROCESS,Lipoprotein Biosynthetic Process,-2.109107819,0.002486347,0.023225728,Apr-97,101/17332,9140/9474/9776/26100,ATG12/ATG5/ATG13/WIPI2,4,101,Tcells_2020_ScienceImmunology_Young_MC38neg100,8,18,Tcells,neg,1.634030664,Lipoprotein Biosynthetic Process,Lipoprotein Biosynthetic Process
GOBP_LIPOPROTEIN_BIOSYNTHETIC_PROCESS,Lipoprotein Biosynthetic Process,-19660.26526,0.002486347,0.056304751,Apr-97,101/17332,9821/60673/9776/8408,RB1CC1/ATG101/ATG13/ULK1,4,101,Tcells_2022_CellReportMedicine_Zhang_D10_Tneg100,8,18,Tcells,neg,1.249454957,Lipoprotein Biosynthetic Process,Lipoprotein Biosynthetic Process
GOBP_LIPOPROTEIN_BIOSYNTHETIC_PROCESS,Lipoprotein Biosynthetic Process,-3.125310543,5.53E-09,2.51E-06,Sep-98,101/17332,8733/345611/9474/94005/10026/83734/128869/9140/22930,GPAA1/IRGM/ATG5/PIGS/PIGK/ATG10/PIGU/ATG12/RAB3GAP1,9,101,Tcells_2022_NatureCommunication_Frey_KPC_OTIneg100,8,18,Tcells,neg,5.600421349,Lipoprotein Biosynthetic Process,Lipoprotein Biosynthetic Process
GOBP_LIPOPROTEIN_BIOSYNTHETIC_PROCESS,Lipoprotein Biosynthetic Process,-5.485956543,1.90E-06,0.000160523,7/100,101/17332,10026/51604/8733/83734/128869/9474/94005,PIGK/PIGT/GPAA1/ATG10/PIGU/ATG5/PIGS,7,101,Tcells_2023_CancerDiscovery_Ito_B16_OT1neg100,8,18,Tcells,neg,3.794463789,Lipoprotein Biosynthetic Process,Lipoprotein Biosynthetic Process
REACTOME_72163,Mrna Splicing - Major Pathway,10.46783599,0.000509707,0.012808217,Jun-95,183/17332,1994/84991/10898/3184/6426/23658,ELAVL1/RBM17/CPSF4/HNRNPD/SRSF1/LSM5,6,183,MHCregulators_2019_eLIFE_Pech_MHCpos100,5,11,MHCregulators,pos,1.892511314,Mrna Splicing - Major Pathway,mRNA Splicing Major Pathway
REACTOME_72163,Mrna Splicing - Major Pathway,22.23791594,6.16E-05,0.005153852,Jul-94,183/17332,5725/6431/3185/11157/3192/1479/3187,PTBP1/SRSF6/HNRNPF/LSM6/HNRNPU/CSTF3/HNRNPH1,7,183,MHCregulators_2021_Immunity_Dersh_BJABpos100,5,11,MHCregulators,pos,2.287868047,Mrna Splicing - Major Pathway,mRNA Splicing Major Pathway
REACTOME_72163,Mrna Splicing - Major Pathway,16.17343585,0.000569565,0.032253668,Jun-97,183/17332,55110/6431/5433/3187/9410/5093,MAGOHB/SRSF6/POLR2D/HNRNPH1/SNRNP40/PCBP1,6,183,MHCregulators_2021_Immunity_Dersh_HBL1pos100,5,11,MHCregulators,pos,1.491420887,Mrna Splicing - Major Pathway,mRNA Splicing Major Pathway
REACTOME_72163,Mrna Splicing - Major Pathway,6.770984884,3.41E-10,1.28E-07,Dec-95,183/17332,55749/55660/5093/3185/22826/10084/54883/10772/1655/5094/3187/6626,CCAR1/PRPF40A/PCBP1/HNRNPF/DNAJC8/PQBP1/CWC25/SRSF10/DDX5/PCBP2/HNRNPH1/SNRPA,12,183,MHCregulators_2023_Cell_Chen_HLA_A2_AFPpos100,5,11,MHCregulators,pos,6.891877842,Mrna Splicing - Major Pathway,mRNA Splicing Major Pathway
REACTOME_72163,Mrna Splicing - Major Pathway,3.58406921,0.000429228,0.017933348,Jun-92,183/17332,3185/55749/5094/10421/1655/6431,HNRNPF/CCAR1/PCBP2/CD2BP2/DDX5/SRSF6,6,183,MHCregulators_2023_Cell_Chen_HLA_ABCpos100,5,11,MHCregulators,pos,1.746338629,Mrna Splicing - Major Pathway,mRNA Splicing Major Pathway
GOBP_MYELOID_CELL_HOMEOSTASIS,Myeloid Cell Homeostasis,2.041964784,2.03E-07,8.90E-05,Sep-93,161/17332,3148/10018/8861/3146/581/578/6688/51621/23774,HMGB2/BCL2L11/LDB1/HMGB1/BAX/BAK1/SPI1/KLF13/BRD1,9,161,Macrophages_2021_Nature_Kamber_Ramos_macrophagepos100,1,1,Macrophages,pos,4.05064816,Myeloid Cell Homeostasis,Myeloid Cell Homeostasis
KEGG_hsa04217,Necroptosis,-2.155918737,0.001168511,0.022094405,May-86,159/17332,8737/841/8772/6772/3716,RIPK1/CASP8/FADD/STAT1/JAK1,5,159,Tcells_2017_Nature_Patel_Mel624pos100,17,19,Tcells,pos,1.65571769,Necroptosis,Necroptosis
KEGG_hsa04217,Necroptosis,15.43684321,3.89E-06,0.000275464,Jul-71,159/17332,3716/6772/3460/3459/3717/3454/3455,JAK1/STAT1/IFNGR2/IFNGR1/JAK2/IFNAR1/IFNAR2,7,159,Tcells_2018_Science_Pan_B16_OT_Ipos100,17,19,Tcells,pos,3.559935524,Necroptosis,Necroptosis
KEGG_hsa04217,Necroptosis,7.884836469,8.46E-07,5.77E-05,20-May,159/17332,3460/3459/3717/3716/6772,IFNGR2/IFNGR1/JAK2/JAK1/STAT1,5,159,Tcells_2018_Science_Pan_B16_Pmel_1pos100,17,19,Tcells,pos,4.239151911,Necroptosis,Necroptosis
KEGG_hsa04217,Necroptosis,NA,0.001432039,0.066287475,May-90,159/17332,3716/6772/3460/3459/3717,JAK1/STAT1/IFNGR2/IFNGR1/JAK2,5,159,Tcells_2018_ScienceImmunology_Kearney_B16_OTIpos100,17,19,Tcells,pos,1.178568526,Necroptosis,Necroptosis
KEGG_hsa04217,Necroptosis,-3.213673426,1.30E-05,0.002946552,Jul-85,159/17332,3716/3460/3459/6772/3717/7132/8737,JAK1/IFNGR2/IFNGR1/STAT1/JAK2/TNFRSF1A/RIPK1,7,159,Tcells_2018_ScienceImmunology_Kearney_B16_perforinko_OTIpos100,17,19,Tcells,pos,2.530685873,Necroptosis,Necroptosis
KEGG_hsa04217,Necroptosis,-3.480443741,1.58E-06,0.000738906,Aug-89,159/17332,841/3716/7132/8717/8878/9825/6772/3455,CASP8/JAK1/TNFRSF1A/TRADD/SQSTM1/SPATA2/STAT1/IFNAR2,8,159,Tcells_2018_ScienceImmunology_Kearney_MC38_IgG_OTIpos100,17,19,Tcells,pos,3.131410886,Necroptosis,Necroptosis
KEGG_hsa04217,Necroptosis,NA,1.72E-06,0.000775443,Aug-90,159/17332,8717/7132/8772/3716/841/8878/637/3459,TRADD/TNFRSF1A/FADD/JAK1/CASP8/SQSTM1/BID/IFNGR1,8,159,Tcells_2018_ScienceImmunology_Kearney_MC38_perforinko_OTIpos100,17,19,Tcells,pos,3.110450309,Necroptosis,Necroptosis
KEGG_hsa04217,Necroptosis,15.91833751,7.76E-10,1.79E-07,Nov-92,159/17332,3460/6772/3459/3716/3717/3455/6773/7132/5610/10379/7297,IFNGR2/STAT1/IFNGR1/JAK1/JAK2/IFNAR2/STAT2/TNFRSF1A/EIF2AK2/IRF9/TYK2,11,159,Tcells_2020_Nature_Lawson_4t1HApos100,17,19,Tcells,pos,6.746801305,Necroptosis,Necroptosis
KEGG_hsa04217,Necroptosis,14.4303495,0.000139215,0.008181853,Jun-86,159/17332,3459/3716/6772/3717/3460/6773,IFNGR1/JAK1/STAT1/JAK2/IFNGR2/STAT2,6,159,Tcells_2020_Nature_Lawson_B16OVApos100,17,19,Tcells,pos,2.087148314,Necroptosis,Necroptosis
KEGG_hsa04217,Necroptosis,12.0698132,1.48E-08,2.56E-06,Oct-94,159/17332,3716/6772/3459/3717/3460/6773/10379/3454/3455/7132,JAK1/STAT1/IFNGR1/JAK2/IFNGR2/STAT2/IRF9/IFNAR1/IFNAR2/TNFRSF1A,10,159,Tcells_2020_Nature_Lawson_Ct26HApos100,17,19,Tcells,pos,5.592438581,Necroptosis,Necroptosis
KEGG_hsa04217,Necroptosis,8.127549292,3.15E-12,1.63E-09,13/94,159/17332,3716/3459/3717/841/6772/3460/6773/3454/7132/355/3455/8772/8717,JAK1/IFNGR1/JAK2/CASP8/STAT1/IFNGR2/STAT2/IFNAR1/TNFRSF1A/FAS/IFNAR2/FADD/TRADD,13,159,Tcells_2020_Nature_Lawson_Emt6HApos100,17,19,Tcells,pos,8.787993116,Necroptosis,Necroptosis
KEGG_hsa04217,Necroptosis,8.259119766,1.02E-05,0.000898567,Jul-82,159/17332,7132/8717/8772/3717/841/3459/3460,TNFRSF1A/TRADD/FADD/JAK2/CASP8/IFNGR1/IFNGR2,7,159,Tcells_2020_Nature_Lawson_Mc38OVApos100,17,19,Tcells,pos,3.046449762,Necroptosis,Necroptosis
KEGG_hsa04217,Necroptosis,5.877986597,5.84E-11,1.69E-08,Dec-94,159/17332,3716/6772/3459/3460/3717/7132/355/6773/5610/3454/3455/8717,JAK1/STAT1/IFNGR1/IFNGR2/JAK2/TNFRSF1A/FAS/STAT2/EIF2AK2/IFNAR1/IFNAR2/TRADD,12,159,Tcells_2020_Nature_Lawson_RencaHApos100,17,19,Tcells,pos,7.771295242,Necroptosis,Necroptosis
KEGG_hsa04217,Necroptosis,2.071510961,0.001051128,0.019518641,May-84,159/17332,7132/8717/841/355/9825,TNFRSF1A/TRADD/CASP8/FAS/SPATA2,5,159,Tcells_2020_ScienceImmunology_Young_MC38pos100,17,19,Tcells,pos,1.709550428,Necroptosis,Necroptosis
KEGG_hsa04217,Necroptosis,36833.0499,2.00E-07,6.95E-05,Sep-94,159/17332,3716/3460/6772/3717/8772/8737/7132/581/841,JAK1/IFNGR2/STAT1/JAK2/FADD/RIPK1/TNFRSF1A/BAX/CASP8,9,159,Tcells_2022_CellReportMedicine_Zhang_D10_Tpos100,17,19,Tcells,pos,4.158134247,Necroptosis,Necroptosis
KEGG_hsa04217,Necroptosis,5.63734158,1.87E-06,0.000439424,Aug-91,159/17332,6772/3460/3459/3716/3717/841/355/8772,STAT1/IFNGR2/IFNGR1/JAK1/JAK2/CASP8/FAS/FADD,8,159,Tcells_2022_NatureCommunication_Frey_KPC_OTIpos100,17,19,Tcells,pos,3.357116316,Necroptosis,Necroptosis
KEGG_hsa04217,Necroptosis,9.210195434,1.25E-07,3.58E-05,Sep-89,159/17332,6772/3460/3459/3717/3716/3455/10379/3454/7297,STAT1/IFNGR2/IFNGR1/JAK2/JAK1/IFNAR2/IRF9/IFNAR1/TYK2,9,159,Tcells_2023_CancerDiscovery_Ito_B16_OT1pos100,17,19,Tcells,pos,4.44614069,Necroptosis,Necroptosis
KEGG_hsa04217,Necroptosis,-2.918201015,0.000178893,0.066440909,Jun-90,159/17332,9825/7132/841/8878/8772/3717,SPATA2/TNFRSF1A/CASP8/SQSTM1/FADD/JAK2,6,159,NKcells_2018_ScienceImmunology_Kearney_MC38_NKpos100,2,14,NKcells,pos,1.177564437,Necroptosis,Necroptosis
KEGG_hsa04217,Necroptosis,1.831224481,1.66E-07,6.95E-05,Sep-92,159/17332,8737/3716/8772/7132/1540/3326/841/8334/7128,RIPK1/JAK1/FADD/TNFRSF1A/CYLD/HSP90AB1/CASP8/H2AC6/TNFAIP3,9,159,NKcells_2022_CellReportMedicine_Zhang_D10_NKpos100,2,14,NKcells,pos,4.158232277,Necroptosis,Necroptosis
GOBP_NEGATIVE_REGULATION_OF_RECEPTOR_SIGNALING_PATHWAY_VIA_JAK_STAT,Negative Regulation Of Receptor Signaling Pathway Via Jak Stat,-3.488497464,0.009738521,0.090689974,Feb-96,27/17332,8651/9146,SOCS1/HGS,2,27,Tcells_2020_Nature_Lawson_4t1HAneg100,8,18,Tcells,neg,1.042440725,Negative Regulation Of Receptor Signaling Pathway Via Jak Stat,"Negative Regulation of  JAK-STAT

 Receptor"
GOBP_NEGATIVE_REGULATION_OF_RECEPTOR_SIGNALING_PATHWAY_VIA_JAK_STAT,Negative Regulation Of Receptor Signaling Pathway Via Jak Stat,-3.072470663,0.000350163,0.033570014,Mar-89,27/17332,5771/8651/10019,PTPN2/SOCS1/SH2B3,3,27,Tcells_2020_Nature_Lawson_B16OVAneg100,8,18,Tcells,neg,1.474048482,Negative Regulation Of Receptor Signaling Pathway Via Jak Stat,"Negative Regulation of  JAK-STAT

 Receptor"
GOBP_NEGATIVE_REGULATION_OF_RECEPTOR_SIGNALING_PATHWAY_VIA_JAK_STAT,Negative Regulation Of Receptor Signaling Pathway Via Jak Stat,-3.252727752,0.009162488,0.067095837,Feb-93,27/17332,8651/5771,SOCS1/PTPN2,2,27,Tcells_2020_Nature_Lawson_Ct26HAneg100,8,18,Tcells,neg,1.173304427,Negative Regulation Of Receptor Signaling Pathway Via Jak Stat,"Negative Regulation of  JAK-STAT

 Receptor"
GOBP_NEGATIVE_REGULATION_OF_RECEPTOR_SIGNALING_PATHWAY_VIA_JAK_STAT,Negative Regulation Of Receptor Signaling Pathway Via Jak Stat,-2.753431187,0.000424142,0.006127092,Mar-95,27/17332,5771/8651/79893,PTPN2/SOCS1/GGNBP2,3,27,Tcells_2020_Nature_Lawson_Emt6HAneg100,8,18,Tcells,neg,2.212745591,Negative Regulation Of Receptor Signaling Pathway Via Jak Stat,"Negative Regulation of  JAK-STAT

 Receptor"
GOBP_NEGATIVE_REGULATION_OF_RECEPTOR_SIGNALING_PATHWAY_VIA_JAK_STAT,Negative Regulation Of Receptor Signaling Pathway Via Jak Stat,-3.698651566,0.008974014,0.076481543,Feb-92,27/17332,5771/857,PTPN2/CAV1,2,27,Tcells_2020_Nature_Lawson_Mc38OVAneg100,8,18,Tcells,neg,1.116443357,Negative Regulation Of Receptor Signaling Pathway Via Jak Stat,"Negative Regulation of  JAK-STAT

 Receptor"
GOBP_NEGATIVE_REGULATION_OF_RECEPTOR_SIGNALING_PATHWAY_VIA_JAK_STAT,Negative Regulation Of Receptor Signaling Pathway Via Jak Stat,-3.210822058,0.000464617,0.008174281,Mar-98,27/17332,8651/79893/5771,SOCS1/GGNBP2/PTPN2,3,27,Tcells_2020_Nature_Lawson_RencaHAneg100,8,18,Tcells,neg,2.087550463,Negative Regulation Of Receptor Signaling Pathway Via Jak Stat,"Negative Regulation of  JAK-STAT

 Receptor"
GOBP_NEGATIVE_REGULATION_OF_RECEPTOR_SIGNALING_PATHWAY_VIA_JAK_STAT,Negative Regulation Of Receptor Signaling Pathway Via Jak Stat,-1.74618127,0.01013133,0.074790633,Feb-98,27/17332,5771/8651,PTPN2/SOCS1,2,27,Tcells_2022_NatureCommunication_Frey_KPC_OTIneg100,8,18,Tcells,neg,1.126152793,Negative Regulation Of Receptor Signaling Pathway Via Jak Stat,"Negative Regulation of  JAK-STAT

 Receptor"
GOBP_NEGATIVE_REGULATION_OF_RECEPTOR_SIGNALING_PATHWAY_VIA_JAK_STAT,Negative Regulation Of Receptor Signaling Pathway Via Jak Stat,-5.524786885,0.010531118,0.085729226,2/100,27/17332,5771/8651,PTPN2/SOCS1,2,27,Tcells_2023_CancerDiscovery_Ito_B16_OT1neg100,8,18,Tcells,neg,1.066871099,Negative Regulation Of Receptor Signaling Pathway Via Jak Stat,"Negative Regulation of  JAK-STAT

 Receptor"
GOBP_NEGATIVE_REGULATION_OF_TOR_SIGNALING,Negative Regulation Of Tor Signaling,-12.93762752,0.001747827,0.037481677,Mar-92,45/17332,7249/55654/7248,TSC2/TMEM127/TSC1,3,45,MHCregulators_2021_Immunity_Dersh_BJABneg100,4,14,MHCregulators,neg,1.426180981,Negative Regulation Of Tor Signaling,Negative Regulation of TOR Signaling
GOBP_NEGATIVE_REGULATION_OF_TOR_SIGNALING,Negative Regulation Of Tor Signaling,-18.61598859,3.90E-06,0.002000349,May-92,45/17332,7249/55654/7248/96459/54541,TSC2/TMEM127/TSC1/FNIP1/DDIT4,5,45,MHCregulators_2021_Immunity_Dersh_SUDHL5neg100,4,14,MHCregulators,neg,2.698894214,Negative Regulation Of Tor Signaling,Negative Regulation of TOR Signaling
GOBP_NEGATIVE_REGULATION_OF_TOR_SIGNALING,Negative Regulation Of Tor Signaling,-9.201246128,9.78E-05,0.035515342,Apr-93,45/17332,55654/7249/10641/7248,TMEM127/TSC2/NPRL2/TSC1,4,45,MHCregulators_2023_Cell_Chen_H2_Kb_OVAneg100,4,14,MHCregulators,neg,1.449584001,Negative Regulation Of Tor Signaling,Negative Regulation of TOR Signaling
GOBP_NEGATIVE_REGULATION_OF_TOR_SIGNALING,Negative Regulation Of Tor Signaling,-4.325061816,9.78E-05,0.005110211,Apr-93,45/17332,55654/3091/7249/96459,TMEM127/HIF1A/TSC2/FNIP1,4,45,MHCregulators_2023_Cell_Chen_HLA_A2_AFPneg100,4,14,MHCregulators,neg,2.291561161,Negative Regulation Of Tor Signaling,Negative Regulation of TOR Signaling
KEGG_hsa04080,Neuroactive Ligand-Receptor Interaction,-2.658886458,0.000394726,0.092575436,Aug-90,341/17332,5737/2568/2562/2904/146/2898/10886/5031,PTGFR/GABRP/GABRB3/GRIN2B/ADRA1D/GRIK2/NPFFR2/P2RY6,8,341,NKcells_2018_ScienceImmunology_Kearney_MC38_NKpos100,1,14,NKcells,pos,1.033504234,Neuroactive Ligand-Receptor Interaction,Neuroactive Ligand-Receptor Interaction
GOBP_O_GLYCAN_PROCESSING,O Glycan Processing,-2.522100179,0.001629374,0.051703936,Mar-94,43/17332,29071/56913/6480,C1GALT1C1/C1GALT1/ST6GAL1,3,43,Macrophages_2021_Nature_Kamber_Ramos_macrophageneg100,1,1,Macrophages,neg,1.286476396,O Glycan Processing,O Glycan Processing
KEGG_hsa05235,Pd-L1 Expression And Pd-1 Checkpoint Pathway In Cancer,-20.09261724,7.74E-06,0.002275653,Jun-92,89/17332,3717/3716/5970/3460/6199/3459,JAK2/JAK1/RELA/IFNGR2/RPS6KB2/IFNGR1,6,89,NKcells_2019_CellReport_Freeman_B16_F10neg100,6,14,NKcells,neg,2.642894002,Pd-L1 Expression And Pd-1 Checkpoint Pathway In Cancer,"PD-L1 PD-1 Checkpoint Pathway in

 Cancer"
KEGG_hsa05235,Pd-L1 Expression And Pd-1 Checkpoint Pathway In Cancer,-3.321454531,9.42E-05,0.012564159,May-89,89/17332,3460/3716/3717/6772/3459,IFNGR2/JAK1/JAK2/STAT1/IFNGR1,5,89,NKcells_2019_eLIFE_Pech_K562neg100,6,14,NKcells,neg,1.900866572,Pd-L1 Expression And Pd-1 Checkpoint Pathway In Cancer,"PD-L1 PD-1 Checkpoint Pathway in

 Cancer"
KEGG_hsa05235,Pd-L1 Expression And Pd-1 Checkpoint Pathway In Cancer,-6.487216525,0.001185683,0.099217632,Apr-90,89/17332,4775/5970/5600/3551,NFATC3/RELA/MAPK11/IKBKB,4,89,NKcells_2021_NatureGenetics_Sheffer_HCT15neg100,6,14,NKcells,neg,1.003411143,Pd-L1 Expression And Pd-1 Checkpoint Pathway In Cancer,"PD-L1 PD-1 Checkpoint Pathway in

 Cancer"
KEGG_hsa05235,Pd-L1 Expression And Pd-1 Checkpoint Pathway In Cancer,-4.02193755,0.001286522,0.044988886,Apr-92,89/17332,6772/8517/3716/283106,STAT1/IKBKG/JAK1/CSNK2A3,4,89,NKcells_2021_NatureGenetics_Sheffer_HT29neg100,6,14,NKcells,neg,1.34689476,Pd-L1 Expression And Pd-1 Checkpoint Pathway In Cancer,"PD-L1 PD-1 Checkpoint Pathway in

 Cancer"
KEGG_hsa05235,Pd-L1 Expression And Pd-1 Checkpoint Pathway In Cancer,-10.35802758,8.93E-05,0.008598453,May-88,89/17332,3717/3459/3460/8517/6772,JAK2/IFNGR1/IFNGR2/IKBKG/STAT1,5,89,NKcells_2021_NatureGenetics_Sheffer_SW620neg100,6,14,NKcells,neg,2.0655797,Pd-L1 Expression And Pd-1 Checkpoint Pathway In Cancer,"PD-L1 PD-1 Checkpoint Pathway in

 Cancer"
KEGG_hsa05235,Pd-L1 Expression And Pd-1 Checkpoint Pathway In Cancer,-1.179241047,0.013266096,0.068482998,Mar-96,89/17332,8517/1147/7189,IKBKG/CHUK/TRAF6,3,89,NKcells_2022_CellReportMedicine_Zhang_D10_NKneg100,6,14,NKcells,neg,1.164417238,Pd-L1 Expression And Pd-1 Checkpoint Pathway In Cancer,"PD-L1 PD-1 Checkpoint Pathway in

 Cancer"
GOBP_PROTEIN_METHYLATION,Protein Methylation,-10.98510457,7.15E-07,0.000183091,Sep-87,200/17332,4221/23512/79447/84444/10919/2146/8726/10664/9869,MEN1/SUZ12/PAGR1/DOT1L/EHMT2/EZH2/EED/CTCF/SETDB1,9,200,MHCregulators_2019_eLIFE_Pech_MHCneg100,6,14,MHCregulators,neg,3.737334051,Protein Methylation,Protein Methylation
GOBP_PROTEIN_METHYLATION,Protein Methylation,-19.00250842,0.004252845,0.066759783,May-92,200/17332,3008/29072/10498/23463/6598,H1-4/SETD2/CARM1/ICMT/SMARCB1,5,200,MHCregulators_2021_Immunity_Dersh_BJABneg100,6,14,MHCregulators,neg,1.175485084,Protein Methylation,Protein Methylation
GOBP_PROTEIN_METHYLATION,Protein Methylation,-25.65244184,0.000685558,0.046869308,Jun-92,200/17332,4221/2146/8726/23512/54880/51451,MEN1/EZH2/EED/SUZ12/BCOR/LCMT1,6,200,MHCregulators_2021_Immunity_Dersh_SUDHL5neg100,6,14,MHCregulators,neg,1.329111455,Protein Methylation,Protein Methylation
GOBP_PROTEIN_METHYLATION,Protein Methylation,-4.472451545,0.004660272,0.056173974,May-94,200/17332,55683/23067/10445/8726/2672,KANSL3/SETD1B/MCRS1/EED/GFI1,5,200,MHCregulators_2023_Cell_Chen_HLA_ABCneg100,6,14,MHCregulators,neg,1.250464855,Protein Methylation,Protein Methylation
GOBP_PROTEIN_METHYLATION,Protein Methylation,-10.60334812,7.60E-05,0.016966624,Jul-89,200/17332,4221/2146/22823/23512/8726/84444/7403,MEN1/EZH2/MTF2/SUZ12/EED/DOT1L/KDM6A,7,200,MHCregulators_2023_NatureCellBiology_Sparbier_HLA_ABChighneg100,6,14,MHCregulators,neg,1.770404561,Protein Methylation,Protein Methylation
GOBP_PROTEIN_METHYLATION,Protein Methylation,-7.6462471,0.000478554,0.08752443,Jun-86,200/17332,4221/2146/23512/22823/8726/30827,MEN1/EZH2/SUZ12/MTF2/EED/CXXC1,6,200,MHCregulators_2023_NatureCellBiology_Sparbier_HLA_Bhighneg100,6,14,MHCregulators,neg,1.05787071,Protein Methylation,Protein Methylation
KEGG_hsa04141,Protein Processing In Endoplasmic Reticulum,22.72361174,4.00E-05,0.003808307,Jul-94,171/17332,2923/7323/811/23193/7841/6746/6185,PDIA3/UBE2D3/CALR/GANAB/MOGS/SSR2/RPN2,7,171,MHCregulators_2021_Immunity_Dersh_BJABpos100,4,11,MHCregulators,pos,2.419268078,Protein Processing In Endoplasmic Reticulum,Protein Processing in ER
KEGG_hsa04141,Protein Processing In Endoplasmic Reticulum,19.09506726,0.001530676,0.068064078,May-85,171/17332,811/7841/23193/56886/2923,CALR/MOGS/GANAB/UGGT1/PDIA3,5,171,MHCregulators_2021_Immunity_Dersh_SUDHL5pos100,4,11,MHCregulators,pos,1.167082036,Protein Processing In Endoplasmic Reticulum,Protein Processing in ER
KEGG_hsa04141,Protein Processing In Endoplasmic Reticulum,13.81317238,0.00217164,0.091950412,May-92,171/17332,23193/2923/7841/811/5589,GANAB/PDIA3/MOGS/CALR/PRKCSH,5,171,MHCregulators_2021_Immunity_Dersh_TMD8pos100,4,11,MHCregulators,pos,1.036446322,Protein Processing In Endoplasmic Reticulum,Protein Processing in ER
KEGG_hsa04141,Protein Processing In Endoplasmic Reticulum,5.140692749,0.00217164,0.064138261,May-92,171/17332,7841/23193/811/2923/5589,MOGS/GANAB/CALR/PDIA3/PRKCSH,5,171,MHCregulators_2023_Cell_Chen_HLA_ABCpos100,4,11,MHCregulators,pos,1.192882817,Protein Processing In Endoplasmic Reticulum,Protein Processing in ER
PID_REG_GR_PATHWAY,Reg Gr Pathway,1.902906827,5.11E-06,0.00077907,Jun-93,82/17332,6599/581/6601/6597/1387/6688,SMARCC1/BAX/SMARCC2/SMARCA4/CREBBP/SPI1,6,82,Macrophages_2021_Nature_Kamber_Ramos_macrophagepos100,1,1,Macrophages,pos,3.108423258,Reg Gr Pathway,REG GR Pathway
GOBP_REGULATION_OF_AUTOPHAGY,Regulation Of Autophagy,-19.31869043,0.002176139,0.043202758,Jul-92,339/17332,7249/23049/51699/5289/51382/7248/3146,TSC2/SMG1/VPS29/PIK3C3/ATP6V1D/TSC1/HMGB1,7,339,MHCregulators_2021_Immunity_Dersh_BJABneg100,4,14,MHCregulators,neg,1.364488528,Regulation Of Autophagy,Regulation of Autophagy
GOBP_REGULATION_OF_AUTOPHAGY,Regulation Of Autophagy,-22.99956483,0.002176139,0.07564849,Jul-92,339/17332,3064/7249/23376/7248/9817/6721/55737,HTT/TSC2/UFL1/TSC1/KEAP1/SREBF2/VPS35,7,339,MHCregulators_2021_Immunity_Dersh_SUDHL5neg100,4,14,MHCregulators,neg,1.121199735,Regulation Of Autophagy,Regulation of Autophagy
GOBP_REGULATION_OF_AUTOPHAGY,Regulation Of Autophagy,-4.566445045,0.002314677,0.04774898,Jul-93,339/17332,3064/3091/7249/23367/29919/55294/9817,HTT/HIF1A/TSC2/LARP1/RMC1/FBXW7/KEAP1,7,339,MHCregulators_2023_Cell_Chen_HLA_A2_AFPneg100,4,14,MHCregulators,neg,1.321035905,Regulation Of Autophagy,Regulation of Autophagy
GOBP_REGULATION_OF_AUTOPHAGY,Regulation Of Autophagy,-6.478469342,0.002459916,0.037839937,Jul-94,339/17332,3064/9817/2033/207063/55737/29979/3091,HTT/KEAP1/EP300/DHRSX/VPS35/UBQLN1/HIF1A,7,339,MHCregulators_2023_Cell_Chen_HLA_ABCneg100,4,14,MHCregulators,neg,1.422049593,Regulation Of Autophagy,Regulation of Autophagy
GOBP_REGULATION_OF_PROTEIN_DEPHOSPHORYLATION,Regulation Of Protein Dephosphorylation,-1.719269063,9.96E-06,0.000831436,Jun-94,91/17332,5788/121665/5580/7248/2932/55626,PTPRC/SPPL3/PRKCD/TSC1/GSK3B/AMBRA1,6,91,Macrophages_2021_Nature_Kamber_Ramos_macrophageneg100,1,1,Macrophages,neg,3.08017123,Regulation Of Protein Dephosphorylation,Regulation of Protein Dephosphorylation
GOBP_REGULATION_OF_UBIQUITIN_PROTEIN_LIGASE_ACTIVITY,Regulation Of Ubiquitin Protein Ligase Activity,5.304780625,0.007432188,0.090195124,Feb-94,24/17332,84930/6167,MASTL/RPL37,2,24,NKcells_2019_eLIFE_Pech_K562pos100,2,14,NKcells,pos,1.044816941,Regulation Of Ubiquitin Protein Ligase Activity,"Regulation of Ubiquitin Protein Ligase

 Activity"
GOBP_REGULATION_OF_UBIQUITIN_PROTEIN_LIGASE_ACTIVITY,Regulation Of Ubiquitin Protein Ligase Activity,1.02230404,0.000261629,0.031353452,Mar-91,24/17332,6167/6209/6224,RPL37/RPS15/RPS20,3,24,NKcells_2022_NC_Bernareggi_GSC_CW468pos100,2,14,NKcells,pos,1.503714634,Regulation Of Ubiquitin Protein Ligase Activity,"Regulation of Ubiquitin Protein Ligase

 Activity"
REACTOME_611105,Respiratory Electron Transport,-4.380883865,2.02E-15,1.14E-12,13/94,91/17332,51204/4726/4715/285521/4728/4724/4694/54539/374291/6834/4723/4711/4717,TACO1/NDUFS6/NDUFB9/COX18/NDUFS8/NDUFS4/NDUFA1/NDUFB11/NDUFS7/SURF1/NDUFV1/NDUFB5/NDUFC1,13,91,Macrophages_2021_Nature_Kamber_Ramos_macrophageneg100,1,1,Macrophages,neg,11.94414004,Respiratory Electron Transport,Respiratory Electron Transport
GOBP_REGULATION_OF_RESPONSE_TO_CYTOKINE_STIMULUS,Regulation Of Response To Cytokine Stimulus,-10.51927656,6.32E-05,0.006061969,Jul-97,178/17332,90268/3551/8772/11274/5771/5781/11277,OTULIN/IKBKB/FADD/USP18/PTPN2/PTPN11/TREX1,7,178,Tcells_2018_Science_Pan_B16_OT_Ineg100,10,18,Tcells,neg,2.217386278,Regulation Of Response To Cytokine Stimulus,Response to Cytokine Stimulus
GOBP_REGULATION_OF_RESPONSE_TO_CYTOKINE_STIMULUS,Regulation Of Response To Cytokine Stimulus,-7.19709813,0.000465561,0.016782719,Jun-96,178/17332,103/7128/8651/3326/11140/56339,ADAR/TNFAIP3/SOCS1/HSP90AB1/CDC37/METTL3,6,178,Tcells_2020_Nature_Lawson_4t1HAneg100,10,18,Tcells,neg,1.775137687,Regulation Of Response To Cytokine Stimulus,Response to Cytokine Stimulus
GOBP_REGULATION_OF_RESPONSE_TO_CYTOKINE_STIMULUS,Regulation Of Response To Cytokine Stimulus,-4.143309027,0.000309591,0.033570014,Jun-89,178/17332,5771/103/8651/51441/10019/81030,PTPN2/ADAR/SOCS1/YTHDF2/SH2B3/ZBP1,6,178,Tcells_2020_Nature_Lawson_B16OVAneg100,10,18,Tcells,neg,1.474048482,Regulation Of Response To Cytokine Stimulus,Response to Cytokine Stimulus
GOBP_REGULATION_OF_RESPONSE_TO_CYTOKINE_STIMULUS,Regulation Of Response To Cytokine Stimulus,-4.455492737,0.00039261,0.008652243,Jun-93,178/17332,8651/29110/5771/11274/7128/7186,SOCS1/TBK1/PTPN2/USP18/TNFAIP3/TRAF2,6,178,Tcells_2020_Nature_Lawson_Ct26HAneg100,10,18,Tcells,neg,2.062871282,Regulation Of Response To Cytokine Stimulus,Response to Cytokine Stimulus
GOBP_REGULATION_OF_RESPONSE_TO_CYTOKINE_STIMULUS,Regulation Of Response To Cytokine Stimulus,-8.125509802,5.53E-05,0.001394074,Jul-95,178/17332,3551/11274/29110/5771/103/7186/8651,IKBKB/USP18/TBK1/PTPN2/ADAR/TRAF2/SOCS1,7,178,Tcells_2020_Nature_Lawson_Emt6HAneg100,10,18,Tcells,neg,2.855714092,Regulation Of Response To Cytokine Stimulus,Response to Cytokine Stimulus
GOBP_REGULATION_OF_RESPONSE_TO_CYTOKINE_STIMULUS,Regulation Of Response To Cytokine Stimulus,-5.499266325,0.002584362,0.037774832,May-92,178/17332,90268/5771/857/7128/8970,OTULIN/PTPN2/CAV1/TNFAIP3/H2BC11,5,178,Tcells_2020_Nature_Lawson_Mc38OVAneg100,10,18,Tcells,neg,1.422797456,Regulation Of Response To Cytokine Stimulus,Response to Cytokine Stimulus
GOBP_REGULATION_OF_RESPONSE_TO_CYTOKINE_STIMULUS,Regulation Of Response To Cytokine Stimulus,-5.568082757,0.00051978,0.008875937,Jun-98,178/17332,8651/29110/8772/7186/5771/7128,SOCS1/TBK1/FADD/TRAF2/PTPN2/TNFAIP3,6,178,Tcells_2020_Nature_Lawson_RencaHAneg100,10,18,Tcells,neg,2.051785787,Regulation Of Response To Cytokine Stimulus,Response to Cytokine Stimulus
GOBP_REGULATION_OF_RESPONSE_TO_CYTOKINE_STIMULUS,Regulation Of Response To Cytokine Stimulus,-5.133912033,6.32E-05,0.001199512,Jul-97,178/17332,5788/81858/5781/3551/29110/7128/103,PTPRC/SHARPIN/PTPN11/IKBKB/TBK1/TNFAIP3/ADAR,7,178,Tcells_2020_ScienceImmunology_Young_MC38neg100,10,18,Tcells,neg,2.92099556,Regulation Of Response To Cytokine Stimulus,Response to Cytokine Stimulus
GOBP_REGULATION_OF_RESPONSE_TO_CYTOKINE_STIMULUS,Regulation Of Response To Cytokine Stimulus,-4.149534736,6.50E-08,1.97E-05,Oct-98,178/17332,7128/103/7186/5771/345611/8651/81858/90268/29110/3326,TNFAIP3/ADAR/TRAF2/PTPN2/IRGM/SOCS1/SHARPIN/OTULIN/TBK1/HSP90AB1,10,178,Tcells_2022_NatureCommunication_Frey_KPC_OTIneg100,10,18,Tcells,neg,4.705791027,Regulation Of Response To Cytokine Stimulus,Response to Cytokine Stimulus
GOBP_REGULATION_OF_RESPONSE_TO_CYTOKINE_STIMULUS,Regulation Of Response To Cytokine Stimulus,-8.393174045,7.90E-08,2.29E-05,10/100,178/17332,5771/11274/29110/8772/8737/8651/90268/103/11277/841,PTPN2/USP18/TBK1/FADD/RIPK1/SOCS1/OTULIN/ADAR/TREX1/CASP8,10,178,Tcells_2023_CancerDiscovery_Ito_B16_OT1neg100,10,18,Tcells,neg,4.640671587,Regulation Of Response To Cytokine Stimulus,Response to Cytokine Stimulus
GOBP_RESPONSE_TO_TYPE_I_INTERFERON,Response To Type I Interferon,2.399275366,1.81E-05,0.003307376,May-88,64/17332,84166/6773/3716/6772/3454,NLRC5/STAT2/JAK1/STAT1/IFNAR1,5,64,GammadeltaTcells_2023_Nature_Mamedov_Daudi_Gammadeltapos100,1,1,GammadeltaTcells,pos,2.480516479,Response To Type I Interferon,Response to Type I Interferon
REACTOME_9013407,Rhoh Gtpase Cycle,1.416017693,4.99E-05,0.004566925,Apr-93,38/17332,399/396/397/3932,RHOH/ARHGDIA/ARHGDIB/LCK,4,38,Macrophages_2021_Nature_Kamber_Ramos_macrophagepos100,1,1,Macrophages,pos,2.340376098,Rhoh Gtpase Cycle,RHOH GTPase Cycle
REACTOME_4085001,Sialic Acid Metabolism,-5.661275813,8.87E-07,7.69E-05,May-94,33/17332,10020/55907/54187/10559/6480,GNE/CMAS/NANS/SLC35A1/ST6GAL1,5,33,Macrophages_2021_Nature_Kamber_Ramos_macrophageneg100,1,1,Macrophages,neg,4.114268759,Sialic Acid Metabolism,Sialic Acid Metabolism
GOBP_REGULATION_OF_SIGNAL_TRANSDUCTION_BY_P53_CLASS_MEDIATOR,Regulation Of Signal Transduction By P53 Class Mediator,6.927742344,0.002381676,0.052765871,Apr-94,103/17332,3190/23212/6167/10419,HNRNPK/RRS1/RPL37/PRMT5,4,103,NKcells_2019_eLIFE_Pech_K562pos100,2,14,NKcells,pos,1.277646887,Regulation Of Signal Transduction By P53 Class Mediator,"Signal Transduction by P53 Class

 Mediator"
GOBP_REGULATION_OF_SIGNAL_TRANSDUCTION_BY_P53_CLASS_MEDIATOR,Regulation Of Signal Transduction By P53 Class Mediator,1.471127679,0.000208508,0.030077233,May-91,103/17332,6167/4487/84154/6209/6224,RPL37/MSX1/RPF2/RPS15/RPS20,5,103,NKcells_2022_NC_Bernareggi_GSC_CW468pos100,2,14,NKcells,pos,1.521762122,Regulation Of Signal Transduction By P53 Class Mediator,"Signal Transduction by P53 Class

 Mediator"
PID_TELOMERASE_PATHWAY,Telomerase Pathway,8.364247072,0.000478886,0.025975456,Apr-94,67/17332,5928/1736/5883/26277,RBBP4/DKC1/RAD9A/TINF2,4,67,NKcells_2019_eLIFE_Pech_K562pos100,2,14,NKcells,pos,1.585436819,Telomerase Pathway,Telomerase Pathway
PID_TELOMERASE_PATHWAY,Telomerase Pathway,0.960147082,0.005425595,0.067996897,Mar-92,67/17332,6670/6667/1027,SP3/SP1/CDKN1B,3,67,NKcells_2022_CellReportMedicine_Zhang_D10_NKpos100,2,14,NKcells,pos,1.167510904,Telomerase Pathway,Telomerase Pathway
PID_TNF_PATHWAY,Tnf Pathway,-1.946635583,7.86E-05,0.003636527,Apr-86,46/17332,8737/841/8772/6772,RIPK1/CASP8/FADD/STAT1,4,46,Tcells_2017_Nature_Patel_Mel624pos100,10,19,Tcells,pos,2.439313188,Tnf Pathway,TNF Pathway
PID_TNF_PATHWAY,Tnf Pathway,-1.932589202,0.001484074,0.061036216,Mar-85,46/17332,6772/7132/8737,STAT1/TNFRSF1A/RIPK1,3,46,Tcells_2018_ScienceImmunology_Kearney_B16_perforinko_OTIpos100,10,19,Tcells,pos,1.214412399,Tnf Pathway,TNF Pathway
PID_TNF_PATHWAY,Tnf Pathway,-2.928852132,1.23E-07,0.000124443,Jun-89,46/17332,841/7132/8717/8878/7133/6772,CASP8/TNFRSF1A/TRADD/SQSTM1/TNFRSF1B/STAT1,6,46,Tcells_2018_ScienceImmunology_Kearney_MC38_IgG_OTIpos100,10,19,Tcells,pos,3.905030715,Tnf Pathway,TNF Pathway
PID_TNF_PATHWAY,Tnf Pathway,NA,3.91E-06,0.000879919,May-90,46/17332,8717/7132/8772/841/8878,TRADD/TNFRSF1A/FADD/CASP8/SQSTM1,5,46,Tcells_2018_ScienceImmunology_Kearney_MC38_perforinko_OTIpos100,10,19,Tcells,pos,3.055557354,Tnf Pathway,TNF Pathway
PID_TNF_PATHWAY,Tnf Pathway,4.872507662,1.70E-07,1.68E-05,Jun-94,46/17332,841/6772/7133/7132/8772/8717,CASP8/STAT1/TNFRSF1B/TNFRSF1A/FADD/TRADD,6,46,Tcells_2020_Nature_Lawson_Emt6HApos100,10,19,Tcells,pos,4.77545131,Tnf Pathway,TNF Pathway
PID_TNF_PATHWAY,Tnf Pathway,7.752144284,2.47E-06,0.000287602,May-82,46/17332,7132/8717/8772/841/7133,TNFRSF1A/TRADD/FADD/CASP8/TNFRSF1B,5,46,Tcells_2020_Nature_Lawson_Mc38OVApos100,10,19,Tcells,pos,3.541207827,Tnf Pathway,TNF Pathway
PID_TNF_PATHWAY,Tnf Pathway,2.857641239,4.85E-06,0.000258878,May-94,46/17332,6772/7132/5970/8491/8717,STAT1/TNFRSF1A/RELA/MAP4K3/TRADD,5,46,Tcells_2020_Nature_Lawson_RencaHApos100,10,19,Tcells,pos,3.586904179,Tnf Pathway,TNF Pathway
PID_TNF_PATHWAY,Tnf Pathway,2.256910836,7.17E-05,0.003092411,Apr-84,46/17332,7132/7133/8717/841,TNFRSF1A/TNFRSF1B/TRADD/CASP8,4,46,Tcells_2020_ScienceImmunology_Young_MC38pos100,10,19,Tcells,pos,2.509702728,Tnf Pathway,TNF Pathway
PID_TNF_PATHWAY,Tnf Pathway,11197.85459,4.85E-06,0.000367387,May-94,46/17332,6772/8772/8737/7132/841,STAT1/FADD/RIPK1/TNFRSF1A/CASP8,5,46,Tcells_2022_CellReportMedicine_Zhang_D10_Tpos100,10,19,Tcells,pos,3.434875802,Tnf Pathway,TNF Pathway
PID_TNF_PATHWAY,Tnf Pathway,2.62001585,0.00180523,0.033675122,Mar-91,46/17332,6772/841/8772,STAT1/CASP8/FADD,3,46,Tcells_2022_NatureCommunication_Frey_KPC_OTIpos100,10,19,Tcells,pos,1.472690818,Tnf Pathway,TNF Pathway
PID_TNF_PATHWAY,Tnf Pathway,-2.297218662,9.39E-05,0.058126452,Apr-90,46/17332,7132/841/8878/8772,TNFRSF1A/CASP8/SQSTM1/FADD,4,46,NKcells_2018_ScienceImmunology_Kearney_MC38_NKpos100,2,14,NKcells,pos,1.235626186,Tnf Pathway,TNF Pathway
PID_TNF_PATHWAY,Tnf Pathway,1.465078026,1.50E-07,6.95E-05,Jun-92,46/17332,8737/8772/7132/1540/841/7128,RIPK1/FADD/TNFRSF1A/CYLD/CASP8/TNFAIP3,6,46,NKcells_2022_CellReportMedicine_Zhang_D10_NKpos100,2,14,NKcells,pos,4.158232277,Tnf Pathway,TNF Pathway
BIOCARTA_TNFR1_PATHWAY,Tnfr1 Pathway,-1.495780275,0.000478528,0.027264715,Mar-92,29/17332,6885/8717/7186,MAP3K7/TRADD/TRAF2,3,29,Tcells_2019_Cell_Vredevoogd_IFNGR1deficient_D10_Aneg100,6,18,Tcells,neg,1.564399039,Tnfr1 Pathway,TNFR1 Pathway
BIOCARTA_TNFR1_PATHWAY,Tnfr1 Pathway,-1.945651069,0.000379338,0.022667999,Mar-85,29/17332,7186/6885/8717,TRAF2/MAP3K7/TRADD,3,29,Tcells_2019_Cell_Vredevoogd_IFNGR1deficient_D10_Bneg100,6,18,Tcells,neg,1.644586823,Tnfr1 Pathway,TNFR1 Pathway
BIOCARTA_TNFR1_PATHWAY,Tnfr1 Pathway,-2.791639194,0.010524889,0.074957748,Feb-93,29/17332,6885/7186,MAP3K7/TRAF2,2,29,Tcells_2020_Nature_Lawson_Ct26HAneg100,6,18,Tcells,neg,1.125183472,Tnfr1 Pathway,TNFR1 Pathway
BIOCARTA_TNFR1_PATHWAY,Tnfr1 Pathway,-3.92184083,0.0116334,0.069582663,Feb-98,29/17332,8772/7186,FADD/TRAF2,2,29,Tcells_2020_Nature_Lawson_RencaHAneg100,6,18,Tcells,neg,1.157498957,Tnfr1 Pathway,TNFR1 Pathway
BIOCARTA_TNFR1_PATHWAY,Tnfr1 Pathway,-1.478998333,0.0116334,0.082524431,Feb-98,29/17332,7186/6885,TRAF2/MAP3K7,2,29,Tcells_2022_NatureCommunication_Frey_KPC_OTIneg100,6,18,Tcells,neg,1.08341746,Tnfr1 Pathway,TNFR1 Pathway
BIOCARTA_TNFR1_PATHWAY,Tnfr1 Pathway,-3.614666549,2.22E-05,0.000917446,4/100,29/17332,8772/8737/6885/841,FADD/RIPK1/MAP3K7/CASP8,4,29,Tcells_2023_CancerDiscovery_Ito_B16_OT1neg100,6,18,Tcells,neg,3.037419323,Tnfr1 Pathway,TNFR1 Pathway
GOBP_TRANSCRIPTION_INITIATION_FROM_RNA_POLYMERASE_III_PROMOTER,Transcription Initiation From Rna Polymerase Iii Promoter,-12.54464756,6.34E-08,2.77E-05,Apr-97,8/17332,2972/9328/27297/171568,BRF1/GTF3C5/CRCP/POLR3H,4,8,GammadeltaTcells_2023_Nature_Mamedov_Daudi_Gammadeltaneg100,1,1,GammadeltaTcells,neg,4.556870217,Transcription Initiation From Rna Polymerase Iii Promoter,"Transcription Initiation from RNA Polymerase

 III Promoter"
GOBP_TRANSCRIPTION_INITIATION_FROM_RNA_POLYMERASE_III_PROMOTER,Transcription Initiation From Rna Polymerase Iii Promoter,-12.54464756,6.34E-08,2.77E-05,Apr-97,8/17332,2972/9328/27297/171568,BRF1/GTF3C5/CRCP/POLR3H,4,8,GammadeltaTcells_2023_Nature_Mamedov_Daudi_Gammadeltaneg100,1,1,GammadeltaTcells,neg,4.556870217,Transcription Initiation From Rna Polymerase Iii Promoter,"Transcription Initiation from RNA Polymerase

 III Promoter"
REACTOME_6787450,Trna Modification In The Mitochondrion,-1.889640341,1.27E-05,0.001019842,Mar-94,9/17332,25821/55687/84705,MTO1/TRMU/GTPBP3,3,9,Macrophages_2021_Nature_Kamber_Ramos_macrophageneg100,1,1,Macrophages,neg,2.991467213,Trna Modification In The Mitochondrion,"tRNA Modification in the Mitochondrion

"